-- phpMyAdmin SQL Dump
-- version 4.9.5
-- https://www.phpmyadmin.net/
--
-- Host: localhost
-- Generation Time: Jan 26, 2023 at 12:43 AM
-- Server version: 5.7.40-log
-- PHP Version: 8.0.26

SET SQL_MODE = "NO_AUTO_VALUE_ON_ZERO";
SET AUTOCOMMIT = 0;
START TRANSACTION;
SET time_zone = "+00:00";


/*!40101 SET @OLD_CHARACTER_SET_CLIENT=@@CHARACTER_SET_CLIENT */;
/*!40101 SET @OLD_CHARACTER_SET_RESULTS=@@CHARACTER_SET_RESULTS */;
/*!40101 SET @OLD_COLLATION_CONNECTION=@@COLLATION_CONNECTION */;
/*!40101 SET NAMES utf8mb4 */;

--
-- Database: `imk_super_clear`
--

-- --------------------------------------------------------

--
-- Table structure for table `admin`
--

CREATE TABLE `admin` (
  `id_admin` int(1) NOT NULL,
  `nama` varchar(60) NOT NULL,
  `password` varchar(64) NOT NULL,
  `role` enum('admin','staff') NOT NULL,
  `email` varchar(50) NOT NULL,
  `token` varchar(30) DEFAULT NULL,
  `expiredToken` datetime DEFAULT NULL
) ENGINE=InnoDB DEFAULT CHARSET=utf8mb4;

--
-- Dumping data for table `admin`
--

INSERT INTO `admin` (`id_admin`, `nama`, `password`, `role`, `email`, `token`, `expiredToken`) VALUES
(1, 'Rismayanti Sari Ayu', '$2a$12$RkXXow.OvRNpDwkmK4aeU.kKUUt9RUmBGTTUof.z2ffSQeZm2umye', 'admin', 'admin@gmail.com', 'eef42394e3f519f716583f6a199251', '2023-01-25 18:30:48'),
(2, 'Rismayanti Sari Ayu', '$2a$12$RkXXow.OvRNpDwkmK4aeU.kKUUt9RUmBGTTUof.z2ffSQeZm2umye', 'staff', 'staff@gmail.com', '', '0000-00-00 00:00:00');

-- --------------------------------------------------------

--
-- Table structure for table `guru`
--

CREATE TABLE `guru` (
  `id_guru` int(3) NOT NULL,
  `password` varchar(64) NOT NULL,
  `nama` varchar(60) NOT NULL,
  `nip` varchar(18) DEFAULT NULL,
  `jenis_kelamin` enum('P','L') NOT NULL,
  `email` varchar(50) NOT NULL,
  `token` varchar(30) DEFAULT NULL,
  `expiredToken` datetime DEFAULT NULL
) ENGINE=InnoDB DEFAULT CHARSET=utf8mb4;

--
-- Dumping data for table `guru`
--

INSERT INTO `guru` (`id_guru`, `password`, `nama`, `nip`, `jenis_kelamin`, `email`, `token`, `expiredToken`) VALUES
(1, '$2y$10$uigW9W3TNM88qCzXrfhBKeSBrCLCWr0Bho4kyt/75JLAfsULkMgdy', 'Rutwan Setyawati', '', 'P', 'rutwan.setyawati@gmail.com', NULL, NULL),
(2, '$2y$10$JRp.BGtkInSrefjenJ0IbeQX/ypug/jjJyWsGzpaSTEQJ37KblquC', 'Taufik Naufal', '488730704', 'P', 'ujangkomad@gmail.com', '', '0000-00-00 00:00:00'),
(3, '$2y$10$2CKuYR4SJLFOiNf4zi8iZuqpV1BLkyLcXwnDfIrbltj1OLvcmbLai', 'Eka Jordan', '', 'P', 'eka.jordan@gmail.com', NULL, NULL),
(4, '$2y$10$k6AmNFf.W3FITg2CrWi0j.uid7A.u3l/rXN7hsVyiY2D.u2UrqZaa', 'Aprian Ilham Rahadian', '742445646', 'L', 'aprian.ilham.rahadian@gmail.com', NULL, NULL),
(5, '$2y$10$buUdRUdQqMNb3g0UOZ.apuJgz.JHZnobMoEkYlzpzpZYeGxWpXetu', 'Joseph Hadyan', '924682730', 'P', 'joseph.hadyan@gmail.com', NULL, NULL),
(6, '$2y$10$w9Wln0KbuVaOQYkHOnkNSuEru0PB0VX/0kXHaF8QSQqjIdBu2NlB2', 'Aswin Bayhacki', '', 'L', 'aswin.bayhacki@gmail.com', NULL, NULL),
(7, '$2y$10$fPIDCy1PPP70lsQEAU6nXuZh4GJBx4tW7jEs8P4l2woyfCWV39lJC', 'Hafizh Yuliyanti', '', 'P', 'hafizh.yuliyanti@gmail.com', NULL, NULL),
(8, '$2y$10$ZQHKqq2drKePsFR1snPdaecd/tsMT7RvhsOxw9uNI31TxQgiWbKoS', 'Aldo Rumanti', '', 'P', 'aldo.rumanti@gmail.com', NULL, NULL),
(9, '$2y$10$QcVgioe6PWD.CFRLeVRboepPm/T.UtlllEX9F.UavQrFBu5NUPSla', 'Edy Nopilianti', '790287302', 'P', 'edy.nopilianti@gmail.com', NULL, NULL),
(10, '$2y$10$SrQG/t9B/rXbI8fwBMZ9deldTXMRhxWrWw5ZPzrktDL/MNdjbbYRi', 'Chandra Yasin', '298887207', 'L', 'chandra.yasin@gmail.com', NULL, NULL),
(11, '$2y$10$pl1FPFUREf0eRtHPjgy.VeeE6zXqThVGxFmLU.aWW/KcG5n1h4MbC', 'Satrya Rosmalia', '', 'P', 'satrya.rosmalia@gmail.com', NULL, NULL),
(12, '$2y$10$FNtGO3BMmHMoFNsZzRdM9uDjmTaReh8PkpNcKX.v2NFMrdEeq6UGO', 'Aulia Farizi', '', 'P', 'aulia.farizi@gmail.com', NULL, NULL),
(13, '$2y$10$qUSIfKX4eAS5DLJTXEAflu9uaKbLMzpNR1gkyAZZROCY/PXOykVUC', 'Adityo Priyanto', '475196178', 'P', 'adityo.priyanto@gmail.com', NULL, NULL),
(14, '$2y$10$l1WVx1dSwYwMtA.adHeHDu65/CjY0jpK7sIoJVbRSu4RMyGmvifNu', 'Dhanu Lalo', '973275519', 'L', 'dhanu.lalo@gmail.com', NULL, NULL),
(15, '$2y$10$yIa.1hZ217P5ZMzzKOiKJuscmGhOUkDzwxBwokP.HNdTxe3IfEwmu', 'Andriawan Azis', '927820958', 'P', 'andriawan.azis@gmail.com', NULL, NULL),
(16, '$2y$10$qep4XvbD4dKUP7GAhb4F0.JgFM3I2ptGnLkSpbbKX.Ck1QbhYWroi', 'Agus Ramadhany', '266454998', 'P', 'agus.ramadhany@gmail.com', NULL, NULL),
(17, '$2y$10$6VytMkPvfUHyK359.qzm0OEjAE7c/Yjix.1245Q2mJ/oQ4C8V8nw2', 'Ilyas Nurkhasanah', '173224481', 'L', 'ilyas.nurkhasanah@gmail.com', NULL, NULL),
(18, '$2y$10$SBJamFXqDsdlK1mQLEG9m.YzvAHLpiNLXJKsYJlZ9BvvAWStDyhL6', 'Marvel Juliyanto', '', 'L', 'marvel.juliyanto@gmail.com', NULL, NULL),
(19, '$2y$10$wVdpXa/JtGX/0i144gr5q.gr3GSprke/jIECMRJG5lTP0xZbHrPz6', 'Fauzan Dinanti', '', 'L', 'fauzan.dinanti@gmail.com', NULL, NULL),
(20, '$2y$10$662TBz4IvWXu2F6bFwwTtO4LcGJ2TD4aFW3mBZzAB5qmB/OfJDoo2', 'Mirza Nurkhayati', '', 'P', 'mirza.nurkhayati@gmail.com', NULL, NULL),
(21, '$2y$10$1IC3a/CKB.oEryvi0RPkquTeVAOyVszRTZ8azKdO0UMKVCt8RgE1S', 'Yandra Sukosulistiowani', '', 'L', 'yandra.sukosulistiowani@gmail.com', NULL, NULL),
(22, '$2y$10$e3R7s7TcVmmDNBtKxTWJq.mY9ywckVX7Xg2XMby8mYoVSScDDsZsy', 'Firas Rustam', '458208474', 'P', 'firas.rustam@gmail.com', NULL, NULL),
(24, '$2y$10$ajarE62KSZK0nFFCGIOWkOKu4rKNGA/bxRjkL3BE.8REJGeEqFF0i', 'Beckley Tio', '513087504', 'L', 'testing@gmail.com', '2a01cd7818c4aa40fe03351ca331f9', '2023-01-25 18:54:11'),
(25, '$2y$10$8Ooy1US4DJqU4gyqwQrFsuM8HPNd8DEgDLQ6joJZoHyfLG3Qg0yWG', 'Finaldi Andrilla Dimarzio', '451285699', 'P', 'finaldi.andrilla.dimarzio@gmail.com', NULL, NULL),
(26, '$2y$10$FWkHnTByruOVXTTBIV2Z9u0dwLEDTyf67ktxRLf1zI6dk747INAsG', 'Rinno Achmad Qodir', '516626134', 'P', 'rinno.achmad.qodir@gmail.com', NULL, NULL),
(27, '$2y$10$d4i0BwXSbJ/KpWfYChMecusLRrrMEUGbzY/KEO5oaVdiqA6YJeCuy', 'Ilham Hamdi', '', 'P', 'ilham.hamdi@gmail.com', NULL, NULL),
(28, '$2y$10$lyIC6snlONtRFZspy5Dt0eILDjIEbdqlSyOc4n0wQ5vJX6EfOZLSm', 'Rizki Listisni', '700919230', 'P', 'rizki.listisni@gmail.com', NULL, NULL),
(29, '$2y$10$BIXxTjhydRsYKR.abk7C7emCRZsCZBHrQHd0Tx94ByV9k6hgDV70a', 'Kevin Haikal Fachrully', '', 'P', 'kevin.haikal.fachrully@gmail.com', NULL, NULL),
(30, '$2y$10$V.J1TySQ.oqwxGgxgyYYh.YlFxWk7HarRJ8v72ES56zpLakc1WPyu', 'Wildan Chairunissa', '', 'L', 'wildan.chairunissa@gmail.com', NULL, NULL),
(31, '$2y$10$4r3PzOV3L9Xx9avb/pizSOez4WcK3Tn51uJrEFsguy0qenMn.oMLu', 'fahrizal', '101201270', 'L', 'fahrizal@gmail.com', '82ae0c93beedb957b9b7d610f198a8', '2023-01-23 03:05:24'),
(32, '$2y$10$ZoJ.tsHQnr4o4Mgvj2lnSOW2TWt1U5ATOt4PuSVdXZ7A/ZTzxLL0C', 'Rocky', '', 'L', 'rendijulianto37@gmail.com', '', NULL),
(33, '$2y$10$6QuItD.U8iQpJkAtz.G91eAvFSp8hOycgbGyMmOxAo03MHjusxR9u', 'Rahmat', '', 'L', 'rahmat@gmail.com', NULL, NULL),
(36, '$2y$10$f7/WIeIzKEFk.YkMseotlu7K04IthlTsVeUQHnQy1Vd9laHqrDake', 'Putri Senja Arisni, S.Pd.I', '', 'P', 'putrisenja@gmail.com', NULL, NULL),
(38, '$2y$10$CM/HeiQGIhomXEOx5Uo8PukiXF6T1Tv91sNcdmLwNhLHS8LTUsgci', 'test', '700919230700919230', 'P', '123@123.co.id', NULL, NULL);

-- --------------------------------------------------------

--
-- Table structure for table `jadwal`
--

CREATE TABLE `jadwal` (
  `id_jadwal` int(3) NOT NULL,
  `kode_kelas` varchar(17) NOT NULL,
  `kode_mengajar` varchar(3) DEFAULT NULL
) ENGINE=InnoDB DEFAULT CHARSET=utf8mb4;

--
-- Dumping data for table `jadwal`
--

INSERT INTO `jadwal` (`id_jadwal`, `kode_kelas`, `kode_mengajar`) VALUES
(7, 'XITBSM12022/2023', '28A'),
(8, 'XITBSM12022/2023', '30B'),
(30, 'XITAV12023/2024', '32A'),
(31, 'XITAV12023/2024', '33A'),
(33, 'XITBSM12022/2023', '36A'),
(35, 'XITAV12023/2024', '36B'),
(37, 'XITBSM12022/2023', '24C'),
(38, 'XITBSM12022/2023', '24D');

-- --------------------------------------------------------

--
-- Table structure for table `kehadiransiswamapel`
--

CREATE TABLE `kehadiransiswamapel` (
  `id_kehadiran` int(7) NOT NULL,
  `id_jadwal` int(4) DEFAULT NULL,
  `nis` varchar(12) DEFAULT NULL,
  `tanggal` date DEFAULT NULL,
  `keterangan` enum('H','I','A','S') DEFAULT NULL
) ENGINE=InnoDB DEFAULT CHARSET=utf8mb4;

--
-- Dumping data for table `kehadiransiswamapel`
--

INSERT INTO `kehadiransiswamapel` (`id_kehadiran`, `id_jadwal`, `nis`, `tanggal`, `keterangan`) VALUES
(94, 8, '2223100009', '2023-01-24', 'I'),
(95, 8, '2223100037', '2023-01-24', 'S'),
(96, 8, '2223100041', '2023-01-24', 'H'),
(97, 8, '2223100046', '2023-01-24', 'H'),
(98, 8, '2223100048', '2023-01-24', 'H'),
(99, 8, '2223100020', '2023-01-24', 'S'),
(100, 8, '2223100013', '2023-01-24', 'A'),
(101, 8, '2021100003', '2023-01-24', 'H'),
(102, 8, '2223100009', '2023-01-25', 'H'),
(103, 8, '2223100037', '2023-01-25', 'H'),
(104, 8, '2223100041', '2023-01-25', 'H'),
(105, 8, '2223100046', '2023-01-25', 'H'),
(106, 8, '2223100048', '2023-01-25', 'H'),
(107, 8, '2223100020', '2023-01-25', 'H'),
(108, 8, '2223100013', '2023-01-25', 'H'),
(109, 8, '2021100003', '2023-01-25', 'S'),
(110, 8, '2223100009', '2023-01-26', 'H'),
(111, 8, '2223100037', '2023-01-26', 'H'),
(112, 8, '2223100041', '2023-01-26', 'H'),
(113, 8, '2223100046', '2023-01-26', 'H'),
(114, 8, '2223100048', '2023-01-26', 'H'),
(115, 8, '2223100020', '2023-01-26', 'H'),
(116, 8, '2223100013', '2023-01-26', 'H'),
(117, 8, '2021100003', '2023-01-26', 'H'),
(182, 8, '2223100009', '2023-01-12', 'H'),
(183, 8, '2223100037', '2023-01-12', 'H'),
(184, 8, '2223100041', '2023-01-12', 'H'),
(185, 8, '2223100046', '2023-01-12', 'H'),
(186, 8, '2223100048', '2023-01-12', 'H'),
(187, 8, '2223100020', '2023-01-12', 'H'),
(188, 8, '2223100013', '2023-01-12', 'H'),
(189, 8, '2021100003', '2023-01-12', 'H'),
(198, 8, '2223100009', '2023-01-30', 'H'),
(199, 8, '2223100037', '2023-01-30', 'H'),
(200, 8, '2223100041', '2023-01-30', 'H'),
(201, 8, '2223100046', '2023-01-30', 'H'),
(202, 8, '2223100048', '2023-01-30', 'H'),
(203, 8, '2223100020', '2023-01-30', 'H'),
(204, 8, '2223100013', '2023-01-30', 'H'),
(205, 8, '2021100003', '2023-01-30', 'H'),
(206, 8, '2223100032', '2023-01-30', 'H'),
(207, 8, '2223100016', '2023-01-30', 'H'),
(208, 8, '2223100032', '2023-01-12', 'S'),
(209, 8, '2223100016', '2023-01-12', 'H'),
(212, 8, '2223100032', '2023-01-24', 'H'),
(213, 8, '2223100016', '2023-01-24', 'H'),
(214, 8, '2223100032', '2023-01-25', 'H'),
(215, 8, '2223100016', '2023-01-25', 'H'),
(216, 8, '2223100032', '2023-01-26', 'H'),
(217, 8, '2223100016', '2023-01-26', 'H'),
(218, 8, '2223100004', '2023-01-12', 'I'),
(219, 8, '2223100004', '2023-01-24', 'S'),
(220, 8, '2223100004', '2023-01-25', 'I'),
(221, 8, '2223100004', '2023-01-26', 'S'),
(222, 8, '2223100004', '2023-01-30', 'S'),
(223, 8, '2223100009', '2023-01-23', 'H'),
(224, 8, '2223100037', '2023-01-23', 'H'),
(225, 8, '2223100041', '2023-01-23', 'I'),
(226, 8, '2223100046', '2023-01-23', 'H'),
(227, 8, '2223100048', '2023-01-23', 'H'),
(228, 8, '2223100020', '2023-01-23', 'H'),
(229, 8, '2223100013', '2023-01-23', 'H'),
(230, 8, '2021100003', '2023-01-23', 'S'),
(231, 8, '2223100004', '2023-01-23', 'H'),
(232, 8, '2223100032', '2023-01-23', 'H'),
(233, 8, '2223100016', '2023-01-23', 'A'),
(234, 8, '2223100009', '2023-01-17', 'A'),
(235, 8, '2223100037', '2023-01-17', 'S'),
(236, 8, '2223100041', '2023-01-17', 'I'),
(237, 8, '2223100046', '2023-01-17', 'H'),
(238, 8, '2223100048', '2023-01-17', 'H'),
(239, 8, '2223100020', '2023-01-17', 'H'),
(240, 8, '2223100013', '2023-01-17', 'H'),
(241, 8, '2021100003', '2023-01-17', 'H'),
(242, 8, '2223100004', '2023-01-17', 'H'),
(243, 8, '2223100032', '2023-01-17', 'H'),
(244, 8, '2223100016', '2023-01-17', 'H'),
(261, 35, '2324100003', '2023-01-02', 'H'),
(262, 35, '2324100001', '2023-01-02', 'H'),
(263, 35, '2223100038', '2023-01-02', 'H'),
(264, 35, '2223100025', '2023-01-02', 'H'),
(265, 35, '2223100047', '2023-01-02', 'H'),
(266, 35, '2223100031', '2023-01-02', 'H'),
(267, 35, '2223100040', '2023-01-02', 'H'),
(268, 35, '2223100006', '2023-01-02', 'H'),
(269, 35, '2223100024', '2023-01-02', 'H'),
(270, 35, '2223100007', '2023-01-02', 'H'),
(271, 35, '2223100042', '2023-01-02', 'H'),
(272, 35, '2223100026', '2023-01-02', 'H'),
(273, 35, '2223100036', '2023-01-02', 'H'),
(274, 35, '2223100022', '2023-01-02', 'H'),
(275, 35, '2223100057', '2023-01-02', 'H'),
(276, 35, '2223100029', '2023-01-02', 'H'),
(277, 35, '2324100003', '2023-01-09', 'H'),
(278, 35, '2324100001', '2023-01-09', 'H'),
(279, 35, '2223100038', '2023-01-09', 'H'),
(280, 35, '2223100025', '2023-01-09', 'H'),
(281, 35, '2223100047', '2023-01-09', 'H'),
(282, 35, '2223100031', '2023-01-09', 'H'),
(283, 35, '2223100040', '2023-01-09', 'H'),
(284, 35, '2223100006', '2023-01-09', 'H'),
(285, 35, '2223100024', '2023-01-09', 'H'),
(286, 35, '2223100007', '2023-01-09', 'H'),
(287, 35, '2223100042', '2023-01-09', 'H'),
(288, 35, '2223100026', '2023-01-09', 'H'),
(289, 35, '2223100036', '2023-01-09', 'H'),
(290, 35, '2223100022', '2023-01-09', 'H'),
(291, 35, '2223100057', '2023-01-09', 'H'),
(292, 35, '2223100029', '2023-01-09', 'H'),
(293, 35, '2324100003', '2023-01-16', 'H'),
(294, 35, '2324100001', '2023-01-16', 'H'),
(295, 35, '2223100038', '2023-01-16', 'S'),
(296, 35, '2223100025', '2023-01-16', 'H'),
(297, 35, '2223100047', '2023-01-16', 'H'),
(298, 35, '2223100031', '2023-01-16', 'H'),
(299, 35, '2223100040', '2023-01-16', 'H'),
(300, 35, '2223100006', '2023-01-16', 'H'),
(301, 35, '2223100024', '2023-01-16', 'H'),
(302, 35, '2223100007', '2023-01-16', 'H'),
(303, 35, '2223100042', '2023-01-16', 'H'),
(304, 35, '2223100026', '2023-01-16', 'H'),
(305, 35, '2223100036', '2023-01-16', 'H'),
(306, 35, '2223100022', '2023-01-16', 'H'),
(307, 35, '2223100057', '2023-01-16', 'H'),
(308, 35, '2223100029', '2023-01-16', 'A'),
(309, 35, '2324100003', '2023-01-23', 'I'),
(310, 35, '2324100001', '2023-01-23', 'H'),
(311, 35, '2223100038', '2023-01-23', 'H'),
(312, 35, '2223100025', '2023-01-23', 'H'),
(313, 35, '2223100047', '2023-01-23', 'H'),
(314, 35, '2223100031', '2023-01-23', 'H'),
(315, 35, '2223100040', '2023-01-23', 'H'),
(316, 35, '2223100006', '2023-01-23', 'H'),
(317, 35, '2223100024', '2023-01-23', 'H'),
(318, 35, '2223100007', '2023-01-23', 'H'),
(319, 35, '2223100042', '2023-01-23', 'H'),
(320, 35, '2223100026', '2023-01-23', 'H'),
(321, 35, '2223100036', '2023-01-23', 'H'),
(322, 35, '2223100022', '2023-01-23', 'H'),
(323, 35, '2223100057', '2023-01-23', 'H'),
(324, 35, '2223100029', '2023-01-23', 'H'),
(325, 33, '2223100009', '2023-01-04', 'I'),
(326, 33, '2223100037', '2023-01-04', 'H'),
(327, 33, '2223100041', '2023-01-04', 'H'),
(328, 33, '2223100046', '2023-01-04', 'H'),
(329, 33, '2223100048', '2023-01-04', 'H'),
(330, 33, '2223100020', '2023-01-04', 'H'),
(331, 33, '2223100013', '2023-01-04', 'H'),
(332, 33, '2021100003', '2023-01-04', 'H'),
(333, 33, '2223100004', '2023-01-04', 'H'),
(334, 33, '2223100032', '2023-01-04', 'H'),
(335, 33, '2223100016', '2023-01-04', 'H'),
(336, 33, '2223100009', '2023-01-11', 'H'),
(337, 33, '2223100037', '2023-01-11', 'H'),
(338, 33, '2223100041', '2023-01-11', 'H'),
(339, 33, '2223100046', '2023-01-11', 'H'),
(340, 33, '2223100048', '2023-01-11', 'H'),
(341, 33, '2223100020', '2023-01-11', 'H'),
(342, 33, '2223100013', '2023-01-11', 'H'),
(343, 33, '2021100003', '2023-01-11', 'H'),
(344, 33, '2223100004', '2023-01-11', 'H'),
(345, 33, '2223100032', '2023-01-11', 'H'),
(346, 33, '2223100016', '2023-01-11', 'H'),
(347, 33, '2223100009', '2023-01-18', 'H'),
(348, 33, '2223100037', '2023-01-18', 'H'),
(349, 33, '2223100041', '2023-01-18', 'H'),
(350, 33, '2223100046', '2023-01-18', 'H'),
(351, 33, '2223100048', '2023-01-18', 'H'),
(352, 33, '2223100020', '2023-01-18', 'H'),
(353, 33, '2223100013', '2023-01-18', 'H'),
(354, 33, '2021100003', '2023-01-18', 'H'),
(355, 33, '2223100004', '2023-01-18', 'H'),
(356, 33, '2223100032', '2023-01-18', 'H'),
(357, 33, '2223100016', '2023-01-18', 'H'),
(358, 33, '2223100009', '2023-01-25', 'H'),
(359, 33, '2223100037', '2023-01-25', 'H'),
(360, 33, '2223100041', '2023-01-25', 'H'),
(361, 33, '2223100046', '2023-01-25', 'H'),
(362, 33, '2223100048', '2023-01-25', 'H'),
(363, 33, '2223100020', '2023-01-25', 'H'),
(364, 33, '2223100013', '2023-01-25', 'H'),
(365, 33, '2021100003', '2023-01-25', 'H'),
(366, 33, '2223100004', '2023-01-25', 'H'),
(367, 33, '2223100032', '2023-01-25', 'H'),
(368, 33, '2223100016', '2023-01-25', 'H'),
(369, 35, '2223100005', '2023-01-23', 'H'),
(370, 35, '2223100056', '2023-01-23', 'H'),
(371, 35, '2223100008', '2023-01-23', 'H'),
(372, 35, '2223100059', '2023-01-23', 'H'),
(373, 35, '2223100060', '2023-01-23', 'H'),
(374, 35, '2223100001', '2023-01-23', 'H'),
(375, 35, '2223100010', '2023-01-23', 'H'),
(376, 35, '2223100018', '2023-01-23', 'H'),
(377, 35, '2223100039', '2023-01-23', 'H'),
(378, 35, '2223100058', '2023-01-23', 'H'),
(379, 35, '2223100055', '2023-01-23', 'H'),
(380, 35, '2223100028', '2023-01-23', 'H'),
(381, 35, '2223100023', '2023-01-23', 'H'),
(382, 35, '2223100027', '2023-01-23', 'H'),
(383, 35, '2223100034', '2023-01-23', 'H'),
(384, 35, '2223100014', '2023-01-23', 'H'),
(385, 35, '2223100003', '2023-01-23', 'H'),
(386, 35, '2223100054', '2023-01-23', 'H'),
(387, 35, '2223100053', '2023-01-23', 'H'),
(388, 35, '2223100011', '2023-01-23', 'H'),
(389, 35, '2223100005', '2023-01-02', 'H'),
(390, 35, '2223100056', '2023-01-02', 'H'),
(391, 35, '2223100008', '2023-01-02', 'H'),
(392, 35, '2223100059', '2023-01-02', 'H'),
(393, 35, '2223100060', '2023-01-02', 'H'),
(394, 35, '2223100001', '2023-01-02', 'H'),
(395, 35, '2223100010', '2023-01-02', 'H'),
(396, 35, '2223100018', '2023-01-02', 'H'),
(397, 35, '2223100039', '2023-01-02', 'H'),
(398, 35, '2223100058', '2023-01-02', 'H'),
(399, 35, '2223100055', '2023-01-02', 'H'),
(400, 35, '2223100028', '2023-01-02', 'H'),
(401, 35, '2223100023', '2023-01-02', 'H'),
(402, 35, '2223100027', '2023-01-02', 'H'),
(403, 35, '2223100034', '2023-01-02', 'H'),
(404, 35, '2223100014', '2023-01-02', 'H'),
(405, 35, '2223100003', '2023-01-02', 'H'),
(406, 35, '2223100054', '2023-01-02', 'H'),
(407, 35, '2223100053', '2023-01-02', 'H'),
(408, 35, '2223100011', '2023-01-02', 'H'),
(409, 35, '2223100005', '2023-01-09', 'H'),
(410, 35, '2223100056', '2023-01-09', 'H'),
(411, 35, '2223100008', '2023-01-09', 'H'),
(412, 35, '2223100059', '2023-01-09', 'H'),
(413, 35, '2223100060', '2023-01-09', 'H'),
(414, 35, '2223100001', '2023-01-09', 'I'),
(415, 35, '2223100010', '2023-01-09', 'I'),
(416, 35, '2223100018', '2023-01-09', 'H'),
(417, 35, '2223100039', '2023-01-09', 'H'),
(418, 35, '2223100058', '2023-01-09', 'H'),
(419, 35, '2223100055', '2023-01-09', 'H'),
(420, 35, '2223100028', '2023-01-09', 'H'),
(421, 35, '2223100023', '2023-01-09', 'H'),
(422, 35, '2223100027', '2023-01-09', 'H'),
(423, 35, '2223100034', '2023-01-09', 'H'),
(424, 35, '2223100014', '2023-01-09', 'H'),
(425, 35, '2223100003', '2023-01-09', 'H'),
(426, 35, '2223100054', '2023-01-09', 'H'),
(427, 35, '2223100053', '2023-01-09', 'H'),
(428, 35, '2223100011', '2023-01-09', 'H'),
(429, 35, '2223100005', '2023-01-16', 'H'),
(430, 35, '2223100056', '2023-01-16', 'H'),
(431, 35, '2223100008', '2023-01-16', 'H'),
(432, 35, '2223100059', '2023-01-16', 'H'),
(433, 35, '2223100060', '2023-01-16', 'H'),
(434, 35, '2223100001', '2023-01-16', 'H'),
(435, 35, '2223100010', '2023-01-16', 'H'),
(436, 35, '2223100018', '2023-01-16', 'H'),
(437, 35, '2223100039', '2023-01-16', 'H'),
(438, 35, '2223100058', '2023-01-16', 'H'),
(439, 35, '2223100055', '2023-01-16', 'H'),
(440, 35, '2223100028', '2023-01-16', 'H'),
(441, 35, '2223100023', '2023-01-16', 'H'),
(442, 35, '2223100027', '2023-01-16', 'H'),
(443, 35, '2223100034', '2023-01-16', 'H'),
(444, 35, '2223100014', '2023-01-16', 'H'),
(445, 35, '2223100003', '2023-01-16', 'H'),
(446, 35, '2223100054', '2023-01-16', 'H'),
(447, 35, '2223100053', '2023-01-16', 'H'),
(448, 35, '2223100011', '2023-01-16', 'H'),
(449, 33, '2223100043', '2023-01-04', 'H'),
(450, 33, '2223100035', '2023-01-04', 'H'),
(451, 33, '2223100015', '2023-01-04', 'H'),
(452, 33, '2223100052', '2023-01-04', 'H'),
(453, 33, '2223100033', '2023-01-04', 'H'),
(454, 33, '2223100019', '2023-01-04', 'H'),
(455, 33, '2223100051', '2023-01-04', 'H'),
(456, 33, '2223100044', '2023-01-04', 'H'),
(457, 33, '2223100030', '2023-01-04', 'H'),
(458, 33, '2223100049', '2023-01-04', 'H'),
(459, 33, '2223100021', '2023-01-04', 'H'),
(460, 33, '2223100045', '2023-01-04', 'H'),
(461, 33, '2223100012', '2023-01-04', 'H'),
(462, 33, '2223100050', '2023-01-04', 'H'),
(463, 33, '2223100017', '2023-01-04', 'H'),
(464, 33, '2223100002', '2023-01-04', 'H'),
(465, 33, '2223100043', '2023-01-11', 'H'),
(466, 33, '2223100035', '2023-01-11', 'H'),
(467, 33, '2223100015', '2023-01-11', 'H'),
(468, 33, '2223100052', '2023-01-11', 'H'),
(469, 33, '2223100033', '2023-01-11', 'H'),
(470, 33, '2223100019', '2023-01-11', 'H'),
(471, 33, '2223100051', '2023-01-11', 'H'),
(472, 33, '2223100044', '2023-01-11', 'H'),
(473, 33, '2223100030', '2023-01-11', 'H'),
(474, 33, '2223100049', '2023-01-11', 'H'),
(475, 33, '2223100021', '2023-01-11', 'H'),
(476, 33, '2223100045', '2023-01-11', 'H'),
(477, 33, '2223100012', '2023-01-11', 'H'),
(478, 33, '2223100050', '2023-01-11', 'H'),
(479, 33, '2223100017', '2023-01-11', 'H'),
(480, 33, '2223100002', '2023-01-11', 'H'),
(481, 33, '2223100043', '2023-01-18', 'H'),
(482, 33, '2223100035', '2023-01-18', 'H'),
(483, 33, '2223100015', '2023-01-18', 'H'),
(484, 33, '2223100052', '2023-01-18', 'H'),
(485, 33, '2223100033', '2023-01-18', 'H'),
(486, 33, '2223100019', '2023-01-18', 'H'),
(487, 33, '2223100051', '2023-01-18', 'H'),
(488, 33, '2223100044', '2023-01-18', 'H'),
(489, 33, '2223100030', '2023-01-18', 'H'),
(490, 33, '2223100049', '2023-01-18', 'H'),
(491, 33, '2223100021', '2023-01-18', 'H'),
(492, 33, '2223100045', '2023-01-18', 'H'),
(493, 33, '2223100012', '2023-01-18', 'H'),
(494, 33, '2223100050', '2023-01-18', 'H'),
(495, 33, '2223100017', '2023-01-18', 'H'),
(496, 33, '2223100002', '2023-01-18', 'H'),
(497, 33, '2223100043', '2023-01-25', 'H'),
(498, 33, '2223100035', '2023-01-25', 'H'),
(499, 33, '2223100015', '2023-01-25', 'H'),
(500, 33, '2223100052', '2023-01-25', 'H'),
(501, 33, '2223100033', '2023-01-25', 'H'),
(502, 33, '2223100019', '2023-01-25', 'A'),
(503, 33, '2223100051', '2023-01-25', 'H'),
(504, 33, '2223100044', '2023-01-25', 'H'),
(505, 33, '2223100030', '2023-01-25', 'I'),
(506, 33, '2223100049', '2023-01-25', 'S'),
(507, 33, '2223100021', '2023-01-25', 'H'),
(508, 33, '2223100045', '2023-01-25', 'H'),
(509, 33, '2223100012', '2023-01-25', 'H'),
(510, 33, '2223100050', '2023-01-25', 'H'),
(511, 33, '2223100017', '2023-01-25', 'H'),
(512, 33, '2223100002', '2023-01-25', 'H'),
(513, 37, '2223100009', '2023-01-25', 'H'),
(514, 37, '2223100043', '2023-01-25', 'H'),
(515, 37, '2223100037', '2023-01-25', 'H'),
(516, 37, '2223100035', '2023-01-25', 'H'),
(517, 37, '2223100041', '2023-01-25', 'H'),
(518, 37, '2223100046', '2023-01-25', 'H'),
(519, 37, '2223100048', '2023-01-25', 'H'),
(520, 37, '2223100020', '2023-01-25', 'H'),
(521, 37, '2223100013', '2023-01-25', 'H'),
(522, 37, '2021100003', '2023-01-25', 'H'),
(523, 37, '2223100015', '2023-01-25', 'H'),
(524, 37, '2223100052', '2023-01-25', 'H'),
(525, 37, '2223100033', '2023-01-25', 'H'),
(526, 37, '2223100004', '2023-01-25', 'H'),
(527, 37, '2223100019', '2023-01-25', 'H'),
(528, 37, '2223100051', '2023-01-25', 'H'),
(529, 37, '2223100044', '2023-01-25', 'H'),
(530, 37, '2223100032', '2023-01-25', 'H'),
(531, 37, '2223100016', '2023-01-25', 'H'),
(532, 37, '2223100030', '2023-01-25', 'H'),
(533, 37, '2223100049', '2023-01-25', 'H'),
(534, 37, '2223100021', '2023-01-25', 'H'),
(535, 37, '2223100045', '2023-01-25', 'H'),
(536, 37, '2223100012', '2023-01-25', 'H'),
(537, 37, '2223100050', '2023-01-25', 'H'),
(538, 37, '2223100017', '2023-01-25', 'H'),
(539, 37, '2223100002', '2023-01-25', 'H'),
(540, 38, '2223100009', '2023-01-25', 'H'),
(541, 38, '2223100043', '2023-01-25', 'H'),
(542, 38, '2223100037', '2023-01-25', 'H'),
(543, 38, '2223100035', '2023-01-25', 'H'),
(544, 38, '2223100041', '2023-01-25', 'H'),
(545, 38, '2223100046', '2023-01-25', 'H'),
(546, 38, '2223100048', '2023-01-25', 'H'),
(547, 38, '2223100020', '2023-01-25', 'H'),
(548, 38, '2223100013', '2023-01-25', 'H'),
(549, 38, '2021100003', '2023-01-25', 'H'),
(550, 38, '2223100015', '2023-01-25', 'H'),
(551, 38, '2223100052', '2023-01-25', 'H'),
(552, 38, '2223100033', '2023-01-25', 'H'),
(553, 38, '2223100004', '2023-01-25', 'H'),
(554, 38, '2223100019', '2023-01-25', 'H'),
(555, 38, '2223100051', '2023-01-25', 'H'),
(556, 38, '2223100044', '2023-01-25', 'H'),
(557, 38, '2223100032', '2023-01-25', 'H'),
(558, 38, '2223100016', '2023-01-25', 'H'),
(559, 38, '2223100030', '2023-01-25', 'H'),
(560, 38, '2223100049', '2023-01-25', 'H'),
(561, 38, '2223100021', '2023-01-25', 'H'),
(562, 38, '2223100045', '2023-01-25', 'H'),
(563, 38, '2223100012', '2023-01-25', 'H'),
(564, 38, '2223100050', '2023-01-25', 'H'),
(565, 38, '2223100017', '2023-01-25', 'H'),
(566, 38, '2223100002', '2023-01-25', 'H');

-- --------------------------------------------------------

--
-- Table structure for table `kehadiransiswasekolah`
--

CREATE TABLE `kehadiransiswasekolah` (
  `id_kehadiran` int(5) NOT NULL,
  `id_admin` int(1) NOT NULL,
  `kode_kelas` varchar(17) NOT NULL,
  `tanggal` date NOT NULL,
  `nis` varchar(12) NOT NULL,
  `keterangan` enum('H','I','S','A') DEFAULT NULL
) ENGINE=InnoDB DEFAULT CHARSET=utf8mb4;

--
-- Dumping data for table `kehadiransiswasekolah`
--

INSERT INTO `kehadiransiswasekolah` (`id_kehadiran`, `id_admin`, `kode_kelas`, `tanggal`, `nis`, `keterangan`) VALUES
(69, 2, 'XITAV12023/2024', '2023-01-02', '2324100001', 'H'),
(70, 2, 'XITAV12023/2024', '2023-01-02', '2223100038', 'H'),
(71, 2, 'XITAV12023/2024', '2023-01-02', '2223100025', 'H'),
(72, 2, 'XITAV12023/2024', '2023-01-02', '2223100047', 'H'),
(73, 2, 'XITAV12023/2024', '2023-01-02', '2223100031', 'H'),
(74, 2, 'XITAV12023/2024', '2023-01-02', '2223100006', 'H'),
(75, 2, 'XITAV12023/2024', '2023-01-02', '2223100024', 'H'),
(76, 2, 'XITAV12023/2024', '2023-01-02', '2223100007', 'H'),
(77, 2, 'XITAV12023/2024', '2023-01-02', '2223100022', 'H'),
(78, 2, 'XITAV12023/2024', '2023-01-02', '2324100003', 'H'),
(79, 2, 'XITAV12023/2024', '2023-01-02', '2223100040', 'H'),
(80, 2, 'XITAV12023/2024', '2023-01-02', '2223100042', 'H'),
(81, 2, 'XITAV12023/2024', '2023-01-02', '2223100026', 'H'),
(82, 2, 'XITAV12023/2024', '2023-01-02', '2223100036', 'H'),
(83, 2, 'XITAV12023/2024', '2023-01-02', '2223100057', 'H'),
(84, 2, 'XITAV12023/2024', '2023-01-02', '2223100029', 'H'),
(85, 2, 'XITAV12023/2024', '2023-01-02', '2223100005', 'H'),
(86, 2, 'XITAV12023/2024', '2023-01-02', '2223100056', 'H'),
(87, 2, 'XITAV12023/2024', '2023-01-02', '2223100008', 'H'),
(88, 2, 'XITAV12023/2024', '2023-01-02', '2223100059', 'H'),
(89, 2, 'XITAV12023/2024', '2023-01-02', '2223100060', 'H'),
(90, 2, 'XITAV12023/2024', '2023-01-02', '2223100001', 'H'),
(91, 2, 'XITAV12023/2024', '2023-01-02', '2223100010', 'H'),
(92, 2, 'XITAV12023/2024', '2023-01-02', '2223100018', 'H'),
(93, 2, 'XITAV12023/2024', '2023-01-02', '2223100039', 'H'),
(94, 2, 'XITAV12023/2024', '2023-01-02', '2223100058', 'H'),
(95, 2, 'XITAV12023/2024', '2023-01-02', '2223100055', 'H'),
(96, 2, 'XITAV12023/2024', '2023-01-02', '2223100028', 'H'),
(97, 2, 'XITAV12023/2024', '2023-01-02', '2223100023', 'H'),
(98, 2, 'XITAV12023/2024', '2023-01-02', '2223100027', 'H'),
(99, 2, 'XITAV12023/2024', '2023-01-02', '2223100034', 'H'),
(100, 2, 'XITAV12023/2024', '2023-01-02', '2223100014', 'H'),
(101, 2, 'XITAV12023/2024', '2023-01-02', '2223100003', 'H'),
(102, 2, 'XITAV12023/2024', '2023-01-02', '2223100054', 'H'),
(103, 2, 'XITAV12023/2024', '2023-01-02', '2223100053', 'H'),
(104, 2, 'XITAV12023/2024', '2023-01-02', '2223100011', 'H'),
(105, 2, 'XITAV12023/2024', '2023-01-03', '2324100001', 'H'),
(106, 2, 'XITAV12023/2024', '2023-01-03', '2223100038', 'H'),
(107, 2, 'XITAV12023/2024', '2023-01-03', '2223100025', 'H'),
(108, 2, 'XITAV12023/2024', '2023-01-03', '2223100047', 'H'),
(109, 2, 'XITAV12023/2024', '2023-01-03', '2223100031', 'H'),
(110, 2, 'XITAV12023/2024', '2023-01-03', '2223100006', 'H'),
(111, 2, 'XITAV12023/2024', '2023-01-03', '2223100024', 'H'),
(112, 2, 'XITAV12023/2024', '2023-01-03', '2223100007', 'H'),
(113, 2, 'XITAV12023/2024', '2023-01-03', '2223100022', 'H'),
(114, 2, 'XITAV12023/2024', '2023-01-03', '2324100003', 'H'),
(115, 2, 'XITAV12023/2024', '2023-01-03', '2223100040', 'H'),
(116, 2, 'XITAV12023/2024', '2023-01-03', '2223100042', 'H'),
(117, 2, 'XITAV12023/2024', '2023-01-03', '2223100026', 'H'),
(118, 2, 'XITAV12023/2024', '2023-01-03', '2223100036', 'H'),
(119, 2, 'XITAV12023/2024', '2023-01-03', '2223100057', 'H'),
(120, 2, 'XITAV12023/2024', '2023-01-03', '2223100029', 'H'),
(121, 2, 'XITAV12023/2024', '2023-01-03', '2223100005', 'H'),
(122, 2, 'XITAV12023/2024', '2023-01-03', '2223100056', 'H'),
(123, 2, 'XITAV12023/2024', '2023-01-03', '2223100008', 'H'),
(124, 2, 'XITAV12023/2024', '2023-01-03', '2223100059', 'H'),
(125, 2, 'XITAV12023/2024', '2023-01-03', '2223100060', 'H'),
(126, 2, 'XITAV12023/2024', '2023-01-03', '2223100001', 'H'),
(127, 2, 'XITAV12023/2024', '2023-01-03', '2223100010', 'H'),
(128, 2, 'XITAV12023/2024', '2023-01-03', '2223100018', 'H'),
(129, 2, 'XITAV12023/2024', '2023-01-03', '2223100039', 'H'),
(130, 2, 'XITAV12023/2024', '2023-01-03', '2223100058', 'H'),
(131, 2, 'XITAV12023/2024', '2023-01-03', '2223100055', 'H'),
(132, 2, 'XITAV12023/2024', '2023-01-03', '2223100028', 'H'),
(133, 2, 'XITAV12023/2024', '2023-01-03', '2223100023', 'H'),
(134, 2, 'XITAV12023/2024', '2023-01-03', '2223100027', 'H'),
(135, 2, 'XITAV12023/2024', '2023-01-03', '2223100034', 'H'),
(136, 2, 'XITAV12023/2024', '2023-01-03', '2223100014', 'H'),
(137, 2, 'XITAV12023/2024', '2023-01-03', '2223100003', 'H'),
(138, 2, 'XITAV12023/2024', '2023-01-03', '2223100054', 'H'),
(139, 2, 'XITAV12023/2024', '2023-01-03', '2223100053', 'H'),
(140, 2, 'XITAV12023/2024', '2023-01-03', '2223100011', 'H'),
(141, 2, 'XITAV12023/2024', '2023-01-04', '2324100001', 'H'),
(142, 2, 'XITAV12023/2024', '2023-01-04', '2223100038', 'H'),
(143, 2, 'XITAV12023/2024', '2023-01-04', '2223100025', 'H'),
(144, 2, 'XITAV12023/2024', '2023-01-04', '2223100047', 'H'),
(145, 2, 'XITAV12023/2024', '2023-01-04', '2223100031', 'H'),
(146, 2, 'XITAV12023/2024', '2023-01-04', '2223100006', 'H'),
(147, 2, 'XITAV12023/2024', '2023-01-04', '2223100024', 'H'),
(148, 2, 'XITAV12023/2024', '2023-01-04', '2223100007', 'H'),
(149, 2, 'XITAV12023/2024', '2023-01-04', '2223100022', 'H'),
(150, 2, 'XITAV12023/2024', '2023-01-04', '2324100003', 'H'),
(151, 2, 'XITAV12023/2024', '2023-01-04', '2223100040', 'H'),
(152, 2, 'XITAV12023/2024', '2023-01-04', '2223100042', 'H'),
(153, 2, 'XITAV12023/2024', '2023-01-04', '2223100026', 'H'),
(154, 2, 'XITAV12023/2024', '2023-01-04', '2223100036', 'H'),
(155, 2, 'XITAV12023/2024', '2023-01-04', '2223100057', 'H'),
(156, 2, 'XITAV12023/2024', '2023-01-04', '2223100029', 'H'),
(157, 2, 'XITAV12023/2024', '2023-01-04', '2223100005', 'H'),
(158, 2, 'XITAV12023/2024', '2023-01-04', '2223100056', 'H'),
(159, 2, 'XITAV12023/2024', '2023-01-04', '2223100008', 'H'),
(160, 2, 'XITAV12023/2024', '2023-01-04', '2223100059', 'H'),
(161, 2, 'XITAV12023/2024', '2023-01-04', '2223100060', 'H'),
(162, 2, 'XITAV12023/2024', '2023-01-04', '2223100001', 'H'),
(163, 2, 'XITAV12023/2024', '2023-01-04', '2223100010', 'H'),
(164, 2, 'XITAV12023/2024', '2023-01-04', '2223100018', 'H'),
(165, 2, 'XITAV12023/2024', '2023-01-04', '2223100039', 'H'),
(166, 2, 'XITAV12023/2024', '2023-01-04', '2223100058', 'H'),
(167, 2, 'XITAV12023/2024', '2023-01-04', '2223100055', 'H'),
(168, 2, 'XITAV12023/2024', '2023-01-04', '2223100028', 'H'),
(169, 2, 'XITAV12023/2024', '2023-01-04', '2223100023', 'H'),
(170, 2, 'XITAV12023/2024', '2023-01-04', '2223100027', 'H'),
(171, 2, 'XITAV12023/2024', '2023-01-04', '2223100034', 'H'),
(172, 2, 'XITAV12023/2024', '2023-01-04', '2223100014', 'H'),
(173, 2, 'XITAV12023/2024', '2023-01-04', '2223100003', 'H'),
(174, 2, 'XITAV12023/2024', '2023-01-04', '2223100054', 'H'),
(175, 2, 'XITAV12023/2024', '2023-01-04', '2223100053', 'H'),
(176, 2, 'XITAV12023/2024', '2023-01-04', '2223100011', 'H'),
(177, 2, 'XITAV12023/2024', '2023-01-05', '2324100001', 'H'),
(178, 2, 'XITAV12023/2024', '2023-01-05', '2223100038', 'H'),
(179, 2, 'XITAV12023/2024', '2023-01-05', '2223100025', 'H'),
(180, 2, 'XITAV12023/2024', '2023-01-05', '2223100047', 'H'),
(181, 2, 'XITAV12023/2024', '2023-01-05', '2223100031', 'H'),
(182, 2, 'XITAV12023/2024', '2023-01-05', '2223100006', 'H'),
(183, 2, 'XITAV12023/2024', '2023-01-05', '2223100024', 'H'),
(184, 2, 'XITAV12023/2024', '2023-01-05', '2223100007', 'H'),
(185, 2, 'XITAV12023/2024', '2023-01-05', '2223100022', 'H'),
(186, 2, 'XITAV12023/2024', '2023-01-05', '2324100003', 'H'),
(187, 2, 'XITAV12023/2024', '2023-01-05', '2223100040', 'H'),
(188, 2, 'XITAV12023/2024', '2023-01-05', '2223100042', 'H'),
(189, 2, 'XITAV12023/2024', '2023-01-05', '2223100026', 'H'),
(190, 2, 'XITAV12023/2024', '2023-01-05', '2223100036', 'H'),
(191, 2, 'XITAV12023/2024', '2023-01-05', '2223100057', 'H'),
(192, 2, 'XITAV12023/2024', '2023-01-05', '2223100029', 'H'),
(193, 2, 'XITAV12023/2024', '2023-01-05', '2223100005', 'H'),
(194, 2, 'XITAV12023/2024', '2023-01-05', '2223100056', 'H'),
(195, 2, 'XITAV12023/2024', '2023-01-05', '2223100008', 'H'),
(196, 2, 'XITAV12023/2024', '2023-01-05', '2223100059', 'H'),
(197, 2, 'XITAV12023/2024', '2023-01-05', '2223100060', 'H'),
(198, 2, 'XITAV12023/2024', '2023-01-05', '2223100001', 'H'),
(199, 2, 'XITAV12023/2024', '2023-01-05', '2223100010', 'H'),
(200, 2, 'XITAV12023/2024', '2023-01-05', '2223100018', 'H'),
(201, 2, 'XITAV12023/2024', '2023-01-05', '2223100039', 'H'),
(202, 2, 'XITAV12023/2024', '2023-01-05', '2223100058', 'H'),
(203, 2, 'XITAV12023/2024', '2023-01-05', '2223100055', 'H'),
(204, 2, 'XITAV12023/2024', '2023-01-05', '2223100028', 'H'),
(205, 2, 'XITAV12023/2024', '2023-01-05', '2223100023', 'H'),
(206, 2, 'XITAV12023/2024', '2023-01-05', '2223100027', 'H'),
(207, 2, 'XITAV12023/2024', '2023-01-05', '2223100034', 'H'),
(208, 2, 'XITAV12023/2024', '2023-01-05', '2223100014', 'H'),
(209, 2, 'XITAV12023/2024', '2023-01-05', '2223100003', 'H'),
(210, 2, 'XITAV12023/2024', '2023-01-05', '2223100054', 'H'),
(211, 2, 'XITAV12023/2024', '2023-01-05', '2223100053', 'H'),
(212, 2, 'XITAV12023/2024', '2023-01-05', '2223100011', 'H'),
(213, 2, 'XITAV12023/2024', '2023-01-06', '2324100001', 'H'),
(214, 2, 'XITAV12023/2024', '2023-01-06', '2223100038', 'H'),
(215, 2, 'XITAV12023/2024', '2023-01-06', '2223100025', 'H'),
(216, 2, 'XITAV12023/2024', '2023-01-06', '2223100047', 'H'),
(217, 2, 'XITAV12023/2024', '2023-01-06', '2223100031', 'H'),
(218, 2, 'XITAV12023/2024', '2023-01-06', '2223100006', 'H'),
(219, 2, 'XITAV12023/2024', '2023-01-06', '2223100024', 'H'),
(220, 2, 'XITAV12023/2024', '2023-01-06', '2223100007', 'H'),
(221, 2, 'XITAV12023/2024', '2023-01-06', '2223100022', 'H'),
(222, 2, 'XITAV12023/2024', '2023-01-06', '2324100003', 'H'),
(223, 2, 'XITAV12023/2024', '2023-01-06', '2223100040', 'H'),
(224, 2, 'XITAV12023/2024', '2023-01-06', '2223100042', 'H'),
(225, 2, 'XITAV12023/2024', '2023-01-06', '2223100026', 'H'),
(226, 2, 'XITAV12023/2024', '2023-01-06', '2223100036', 'H'),
(227, 2, 'XITAV12023/2024', '2023-01-06', '2223100057', 'H'),
(228, 2, 'XITAV12023/2024', '2023-01-06', '2223100029', 'H'),
(229, 2, 'XITAV12023/2024', '2023-01-06', '2223100005', 'H'),
(230, 2, 'XITAV12023/2024', '2023-01-06', '2223100056', 'H'),
(231, 2, 'XITAV12023/2024', '2023-01-06', '2223100008', 'H'),
(232, 2, 'XITAV12023/2024', '2023-01-06', '2223100059', 'H'),
(233, 2, 'XITAV12023/2024', '2023-01-06', '2223100060', 'H'),
(234, 2, 'XITAV12023/2024', '2023-01-06', '2223100001', 'H'),
(235, 2, 'XITAV12023/2024', '2023-01-06', '2223100010', 'H'),
(236, 2, 'XITAV12023/2024', '2023-01-06', '2223100018', 'H'),
(237, 2, 'XITAV12023/2024', '2023-01-06', '2223100039', 'H'),
(238, 2, 'XITAV12023/2024', '2023-01-06', '2223100058', 'H'),
(239, 2, 'XITAV12023/2024', '2023-01-06', '2223100055', 'H'),
(240, 2, 'XITAV12023/2024', '2023-01-06', '2223100028', 'H'),
(241, 2, 'XITAV12023/2024', '2023-01-06', '2223100023', 'H'),
(242, 2, 'XITAV12023/2024', '2023-01-06', '2223100027', 'H'),
(243, 2, 'XITAV12023/2024', '2023-01-06', '2223100034', 'H'),
(244, 2, 'XITAV12023/2024', '2023-01-06', '2223100014', 'H'),
(245, 2, 'XITAV12023/2024', '2023-01-06', '2223100003', 'H'),
(246, 2, 'XITAV12023/2024', '2023-01-06', '2223100054', 'H'),
(247, 2, 'XITAV12023/2024', '2023-01-06', '2223100053', 'H'),
(248, 2, 'XITAV12023/2024', '2023-01-06', '2223100011', 'H'),
(285, 2, 'XITAV12023/2024', '2023-01-09', '2324100001', 'H'),
(286, 2, 'XITAV12023/2024', '2023-01-09', '2223100038', 'H'),
(287, 2, 'XITAV12023/2024', '2023-01-09', '2223100025', 'H'),
(288, 2, 'XITAV12023/2024', '2023-01-09', '2223100047', 'H'),
(289, 2, 'XITAV12023/2024', '2023-01-09', '2223100031', 'H'),
(290, 2, 'XITAV12023/2024', '2023-01-09', '2223100006', 'H'),
(291, 2, 'XITAV12023/2024', '2023-01-09', '2223100024', 'H'),
(292, 2, 'XITAV12023/2024', '2023-01-09', '2223100007', 'H'),
(293, 2, 'XITAV12023/2024', '2023-01-09', '2223100022', 'H'),
(294, 2, 'XITAV12023/2024', '2023-01-09', '2324100003', 'H'),
(295, 2, 'XITAV12023/2024', '2023-01-09', '2223100040', 'H'),
(296, 2, 'XITAV12023/2024', '2023-01-09', '2223100042', 'H'),
(297, 2, 'XITAV12023/2024', '2023-01-09', '2223100026', 'H'),
(298, 2, 'XITAV12023/2024', '2023-01-09', '2223100036', 'H'),
(299, 2, 'XITAV12023/2024', '2023-01-09', '2223100057', 'H'),
(300, 2, 'XITAV12023/2024', '2023-01-09', '2223100029', 'H'),
(301, 2, 'XITAV12023/2024', '2023-01-09', '2223100005', 'H'),
(302, 2, 'XITAV12023/2024', '2023-01-09', '2223100056', 'H'),
(303, 2, 'XITAV12023/2024', '2023-01-09', '2223100008', 'H'),
(304, 2, 'XITAV12023/2024', '2023-01-09', '2223100059', 'H'),
(305, 2, 'XITAV12023/2024', '2023-01-09', '2223100060', 'H'),
(306, 2, 'XITAV12023/2024', '2023-01-09', '2223100001', 'H'),
(307, 2, 'XITAV12023/2024', '2023-01-09', '2223100010', 'H'),
(308, 2, 'XITAV12023/2024', '2023-01-09', '2223100018', 'H'),
(309, 2, 'XITAV12023/2024', '2023-01-09', '2223100039', 'H'),
(310, 2, 'XITAV12023/2024', '2023-01-09', '2223100058', 'H'),
(311, 2, 'XITAV12023/2024', '2023-01-09', '2223100055', 'H'),
(312, 2, 'XITAV12023/2024', '2023-01-09', '2223100028', 'H'),
(313, 2, 'XITAV12023/2024', '2023-01-09', '2223100023', 'H'),
(314, 2, 'XITAV12023/2024', '2023-01-09', '2223100027', 'H'),
(315, 2, 'XITAV12023/2024', '2023-01-09', '2223100034', 'H'),
(316, 2, 'XITAV12023/2024', '2023-01-09', '2223100014', 'H'),
(317, 2, 'XITAV12023/2024', '2023-01-09', '2223100003', 'H'),
(318, 2, 'XITAV12023/2024', '2023-01-09', '2223100054', 'H'),
(319, 2, 'XITAV12023/2024', '2023-01-09', '2223100053', 'H'),
(320, 2, 'XITAV12023/2024', '2023-01-09', '2223100011', 'H'),
(321, 2, 'XITAV12023/2024', '2023-01-10', '2324100001', 'H'),
(322, 2, 'XITAV12023/2024', '2023-01-10', '2223100038', 'H'),
(323, 2, 'XITAV12023/2024', '2023-01-10', '2223100025', 'H'),
(324, 2, 'XITAV12023/2024', '2023-01-10', '2223100047', 'H'),
(325, 2, 'XITAV12023/2024', '2023-01-10', '2223100031', 'H'),
(326, 2, 'XITAV12023/2024', '2023-01-10', '2223100006', 'H'),
(327, 2, 'XITAV12023/2024', '2023-01-10', '2223100024', 'H'),
(328, 2, 'XITAV12023/2024', '2023-01-10', '2223100007', 'H'),
(329, 2, 'XITAV12023/2024', '2023-01-10', '2223100022', 'H'),
(330, 2, 'XITAV12023/2024', '2023-01-10', '2324100003', 'H'),
(331, 2, 'XITAV12023/2024', '2023-01-10', '2223100040', 'H'),
(332, 2, 'XITAV12023/2024', '2023-01-10', '2223100042', 'H'),
(333, 2, 'XITAV12023/2024', '2023-01-10', '2223100026', 'H'),
(334, 2, 'XITAV12023/2024', '2023-01-10', '2223100036', 'H'),
(335, 2, 'XITAV12023/2024', '2023-01-10', '2223100057', 'H'),
(336, 2, 'XITAV12023/2024', '2023-01-10', '2223100029', 'H'),
(337, 2, 'XITAV12023/2024', '2023-01-10', '2223100005', 'H'),
(338, 2, 'XITAV12023/2024', '2023-01-10', '2223100056', 'H'),
(339, 2, 'XITAV12023/2024', '2023-01-10', '2223100008', 'H'),
(340, 2, 'XITAV12023/2024', '2023-01-10', '2223100059', 'H'),
(341, 2, 'XITAV12023/2024', '2023-01-10', '2223100060', 'H'),
(342, 2, 'XITAV12023/2024', '2023-01-10', '2223100001', 'H'),
(343, 2, 'XITAV12023/2024', '2023-01-10', '2223100010', 'H'),
(344, 2, 'XITAV12023/2024', '2023-01-10', '2223100018', 'H'),
(345, 2, 'XITAV12023/2024', '2023-01-10', '2223100039', 'H'),
(346, 2, 'XITAV12023/2024', '2023-01-10', '2223100058', 'H'),
(347, 2, 'XITAV12023/2024', '2023-01-10', '2223100055', 'H'),
(348, 2, 'XITAV12023/2024', '2023-01-10', '2223100028', 'H'),
(349, 2, 'XITAV12023/2024', '2023-01-10', '2223100023', 'H'),
(350, 2, 'XITAV12023/2024', '2023-01-10', '2223100027', 'H'),
(351, 2, 'XITAV12023/2024', '2023-01-10', '2223100034', 'H'),
(352, 2, 'XITAV12023/2024', '2023-01-10', '2223100014', 'H'),
(353, 2, 'XITAV12023/2024', '2023-01-10', '2223100003', 'H'),
(354, 2, 'XITAV12023/2024', '2023-01-10', '2223100054', 'H'),
(355, 2, 'XITAV12023/2024', '2023-01-10', '2223100053', 'H'),
(356, 2, 'XITAV12023/2024', '2023-01-10', '2223100011', 'H'),
(357, 2, 'XITAV12023/2024', '2023-01-11', '2324100001', 'S'),
(358, 2, 'XITAV12023/2024', '2023-01-11', '2223100038', 'H'),
(359, 2, 'XITAV12023/2024', '2023-01-11', '2223100025', 'H'),
(360, 2, 'XITAV12023/2024', '2023-01-11', '2223100047', 'H'),
(361, 2, 'XITAV12023/2024', '2023-01-11', '2223100031', 'H'),
(362, 2, 'XITAV12023/2024', '2023-01-11', '2223100006', 'H'),
(363, 2, 'XITAV12023/2024', '2023-01-11', '2223100024', 'H'),
(364, 2, 'XITAV12023/2024', '2023-01-11', '2223100007', 'H'),
(365, 2, 'XITAV12023/2024', '2023-01-11', '2223100022', 'H'),
(366, 2, 'XITAV12023/2024', '2023-01-11', '2324100003', 'H'),
(367, 2, 'XITAV12023/2024', '2023-01-11', '2223100040', 'H'),
(368, 2, 'XITAV12023/2024', '2023-01-11', '2223100042', 'H'),
(369, 2, 'XITAV12023/2024', '2023-01-11', '2223100026', 'H'),
(370, 2, 'XITAV12023/2024', '2023-01-11', '2223100036', 'H'),
(371, 2, 'XITAV12023/2024', '2023-01-11', '2223100057', 'H'),
(372, 2, 'XITAV12023/2024', '2023-01-11', '2223100029', 'H'),
(373, 2, 'XITAV12023/2024', '2023-01-11', '2223100005', 'H'),
(374, 2, 'XITAV12023/2024', '2023-01-11', '2223100056', 'H'),
(375, 2, 'XITAV12023/2024', '2023-01-11', '2223100008', 'H'),
(376, 2, 'XITAV12023/2024', '2023-01-11', '2223100059', 'H'),
(377, 2, 'XITAV12023/2024', '2023-01-11', '2223100060', 'H'),
(378, 2, 'XITAV12023/2024', '2023-01-11', '2223100001', 'H'),
(379, 2, 'XITAV12023/2024', '2023-01-11', '2223100010', 'H'),
(380, 2, 'XITAV12023/2024', '2023-01-11', '2223100018', 'H'),
(381, 2, 'XITAV12023/2024', '2023-01-11', '2223100039', 'H'),
(382, 2, 'XITAV12023/2024', '2023-01-11', '2223100058', 'H'),
(383, 2, 'XITAV12023/2024', '2023-01-11', '2223100055', 'H'),
(384, 2, 'XITAV12023/2024', '2023-01-11', '2223100028', 'H'),
(385, 2, 'XITAV12023/2024', '2023-01-11', '2223100023', 'H'),
(386, 2, 'XITAV12023/2024', '2023-01-11', '2223100027', 'H'),
(387, 2, 'XITAV12023/2024', '2023-01-11', '2223100034', 'H'),
(388, 2, 'XITAV12023/2024', '2023-01-11', '2223100014', 'H'),
(389, 2, 'XITAV12023/2024', '2023-01-11', '2223100003', 'H'),
(390, 2, 'XITAV12023/2024', '2023-01-11', '2223100054', 'H'),
(391, 2, 'XITAV12023/2024', '2023-01-11', '2223100053', 'H'),
(392, 2, 'XITAV12023/2024', '2023-01-11', '2223100011', 'H'),
(393, 2, 'XITAV12023/2024', '2023-01-12', '2324100001', 'H'),
(394, 2, 'XITAV12023/2024', '2023-01-12', '2223100038', 'H'),
(395, 2, 'XITAV12023/2024', '2023-01-12', '2223100025', 'H'),
(396, 2, 'XITAV12023/2024', '2023-01-12', '2223100047', 'H'),
(397, 2, 'XITAV12023/2024', '2023-01-12', '2223100031', 'H'),
(398, 2, 'XITAV12023/2024', '2023-01-12', '2223100006', 'H'),
(399, 2, 'XITAV12023/2024', '2023-01-12', '2223100024', 'H'),
(400, 2, 'XITAV12023/2024', '2023-01-12', '2223100007', 'H'),
(401, 2, 'XITAV12023/2024', '2023-01-12', '2223100022', 'H'),
(402, 2, 'XITAV12023/2024', '2023-01-12', '2324100003', 'H'),
(403, 2, 'XITAV12023/2024', '2023-01-12', '2223100040', 'H'),
(404, 2, 'XITAV12023/2024', '2023-01-12', '2223100042', 'H'),
(405, 2, 'XITAV12023/2024', '2023-01-12', '2223100026', 'H'),
(406, 2, 'XITAV12023/2024', '2023-01-12', '2223100036', 'H'),
(407, 2, 'XITAV12023/2024', '2023-01-12', '2223100057', 'H'),
(408, 2, 'XITAV12023/2024', '2023-01-12', '2223100029', 'H'),
(409, 2, 'XITAV12023/2024', '2023-01-12', '2223100005', 'H'),
(410, 2, 'XITAV12023/2024', '2023-01-12', '2223100056', 'H'),
(411, 2, 'XITAV12023/2024', '2023-01-12', '2223100008', 'H'),
(412, 2, 'XITAV12023/2024', '2023-01-12', '2223100059', 'H'),
(413, 2, 'XITAV12023/2024', '2023-01-12', '2223100060', 'H'),
(414, 2, 'XITAV12023/2024', '2023-01-12', '2223100001', 'H'),
(415, 2, 'XITAV12023/2024', '2023-01-12', '2223100010', 'H'),
(416, 2, 'XITAV12023/2024', '2023-01-12', '2223100018', 'H'),
(417, 2, 'XITAV12023/2024', '2023-01-12', '2223100039', 'H'),
(418, 2, 'XITAV12023/2024', '2023-01-12', '2223100058', 'H'),
(419, 2, 'XITAV12023/2024', '2023-01-12', '2223100055', 'H'),
(420, 2, 'XITAV12023/2024', '2023-01-12', '2223100028', 'H'),
(421, 2, 'XITAV12023/2024', '2023-01-12', '2223100023', 'H'),
(422, 2, 'XITAV12023/2024', '2023-01-12', '2223100027', 'H'),
(423, 2, 'XITAV12023/2024', '2023-01-12', '2223100034', 'H'),
(424, 2, 'XITAV12023/2024', '2023-01-12', '2223100014', 'H'),
(425, 2, 'XITAV12023/2024', '2023-01-12', '2223100003', 'H'),
(426, 2, 'XITAV12023/2024', '2023-01-12', '2223100054', 'H'),
(427, 2, 'XITAV12023/2024', '2023-01-12', '2223100053', 'H'),
(428, 2, 'XITAV12023/2024', '2023-01-12', '2223100011', 'H'),
(429, 2, 'XITAV12023/2024', '2023-01-13', '2324100001', 'H'),
(430, 2, 'XITAV12023/2024', '2023-01-13', '2223100038', 'H'),
(431, 2, 'XITAV12023/2024', '2023-01-13', '2223100025', 'H'),
(432, 2, 'XITAV12023/2024', '2023-01-13', '2223100047', 'H'),
(433, 2, 'XITAV12023/2024', '2023-01-13', '2223100031', 'H'),
(434, 2, 'XITAV12023/2024', '2023-01-13', '2223100006', 'H'),
(435, 2, 'XITAV12023/2024', '2023-01-13', '2223100024', 'H'),
(436, 2, 'XITAV12023/2024', '2023-01-13', '2223100007', 'H'),
(437, 2, 'XITAV12023/2024', '2023-01-13', '2223100022', 'H'),
(438, 2, 'XITAV12023/2024', '2023-01-13', '2324100003', 'H'),
(439, 2, 'XITAV12023/2024', '2023-01-13', '2223100040', 'H'),
(440, 2, 'XITAV12023/2024', '2023-01-13', '2223100042', 'H'),
(441, 2, 'XITAV12023/2024', '2023-01-13', '2223100026', 'H'),
(442, 2, 'XITAV12023/2024', '2023-01-13', '2223100036', 'H'),
(443, 2, 'XITAV12023/2024', '2023-01-13', '2223100057', 'H'),
(444, 2, 'XITAV12023/2024', '2023-01-13', '2223100029', 'H'),
(445, 2, 'XITAV12023/2024', '2023-01-13', '2223100005', 'H'),
(446, 2, 'XITAV12023/2024', '2023-01-13', '2223100056', 'H'),
(447, 2, 'XITAV12023/2024', '2023-01-13', '2223100008', 'H'),
(448, 2, 'XITAV12023/2024', '2023-01-13', '2223100059', 'H'),
(449, 2, 'XITAV12023/2024', '2023-01-13', '2223100060', 'H'),
(450, 2, 'XITAV12023/2024', '2023-01-13', '2223100001', 'H'),
(451, 2, 'XITAV12023/2024', '2023-01-13', '2223100010', 'H'),
(452, 2, 'XITAV12023/2024', '2023-01-13', '2223100018', 'H'),
(453, 2, 'XITAV12023/2024', '2023-01-13', '2223100039', 'H'),
(454, 2, 'XITAV12023/2024', '2023-01-13', '2223100058', 'H'),
(455, 2, 'XITAV12023/2024', '2023-01-13', '2223100055', 'H'),
(456, 2, 'XITAV12023/2024', '2023-01-13', '2223100028', 'H'),
(457, 2, 'XITAV12023/2024', '2023-01-13', '2223100023', 'H'),
(458, 2, 'XITAV12023/2024', '2023-01-13', '2223100027', 'H'),
(459, 2, 'XITAV12023/2024', '2023-01-13', '2223100034', 'H'),
(460, 2, 'XITAV12023/2024', '2023-01-13', '2223100014', 'H'),
(461, 2, 'XITAV12023/2024', '2023-01-13', '2223100003', 'H'),
(462, 2, 'XITAV12023/2024', '2023-01-13', '2223100054', 'H'),
(463, 2, 'XITAV12023/2024', '2023-01-13', '2223100053', 'H'),
(464, 2, 'XITAV12023/2024', '2023-01-13', '2223100011', 'H'),
(465, 2, 'XITAV12023/2024', '2023-01-16', '2324100001', 'H'),
(466, 2, 'XITAV12023/2024', '2023-01-16', '2223100038', 'H'),
(467, 2, 'XITAV12023/2024', '2023-01-16', '2223100025', 'H'),
(468, 2, 'XITAV12023/2024', '2023-01-16', '2223100047', 'H'),
(469, 2, 'XITAV12023/2024', '2023-01-16', '2223100031', 'H'),
(470, 2, 'XITAV12023/2024', '2023-01-16', '2223100006', 'H'),
(471, 2, 'XITAV12023/2024', '2023-01-16', '2223100024', 'H'),
(472, 2, 'XITAV12023/2024', '2023-01-16', '2223100007', 'H'),
(473, 2, 'XITAV12023/2024', '2023-01-16', '2223100022', 'H'),
(474, 2, 'XITAV12023/2024', '2023-01-16', '2324100003', 'H'),
(475, 2, 'XITAV12023/2024', '2023-01-16', '2223100040', 'H'),
(476, 2, 'XITAV12023/2024', '2023-01-16', '2223100042', 'H'),
(477, 2, 'XITAV12023/2024', '2023-01-16', '2223100026', 'H'),
(478, 2, 'XITAV12023/2024', '2023-01-16', '2223100036', 'H'),
(479, 2, 'XITAV12023/2024', '2023-01-16', '2223100057', 'H'),
(480, 2, 'XITAV12023/2024', '2023-01-16', '2223100029', 'H'),
(481, 2, 'XITAV12023/2024', '2023-01-16', '2223100005', 'H'),
(482, 2, 'XITAV12023/2024', '2023-01-16', '2223100056', 'H'),
(483, 2, 'XITAV12023/2024', '2023-01-16', '2223100008', 'H'),
(484, 2, 'XITAV12023/2024', '2023-01-16', '2223100059', 'H'),
(485, 2, 'XITAV12023/2024', '2023-01-16', '2223100060', 'H'),
(486, 2, 'XITAV12023/2024', '2023-01-16', '2223100001', 'H'),
(487, 2, 'XITAV12023/2024', '2023-01-16', '2223100010', 'H'),
(488, 2, 'XITAV12023/2024', '2023-01-16', '2223100018', 'H'),
(489, 2, 'XITAV12023/2024', '2023-01-16', '2223100039', 'H'),
(490, 2, 'XITAV12023/2024', '2023-01-16', '2223100058', 'H'),
(491, 2, 'XITAV12023/2024', '2023-01-16', '2223100055', 'H'),
(492, 2, 'XITAV12023/2024', '2023-01-16', '2223100028', 'H'),
(493, 2, 'XITAV12023/2024', '2023-01-16', '2223100023', 'H'),
(494, 2, 'XITAV12023/2024', '2023-01-16', '2223100027', 'H'),
(495, 2, 'XITAV12023/2024', '2023-01-16', '2223100034', 'H'),
(496, 2, 'XITAV12023/2024', '2023-01-16', '2223100014', 'H'),
(497, 2, 'XITAV12023/2024', '2023-01-16', '2223100003', 'H'),
(498, 2, 'XITAV12023/2024', '2023-01-16', '2223100054', 'H'),
(499, 2, 'XITAV12023/2024', '2023-01-16', '2223100053', 'H'),
(500, 2, 'XITAV12023/2024', '2023-01-16', '2223100011', 'H'),
(501, 2, 'XITAV12023/2024', '2023-01-17', '2324100001', 'H'),
(502, 2, 'XITAV12023/2024', '2023-01-17', '2223100038', 'H'),
(503, 2, 'XITAV12023/2024', '2023-01-17', '2223100025', 'H'),
(504, 2, 'XITAV12023/2024', '2023-01-17', '2223100047', 'H'),
(505, 2, 'XITAV12023/2024', '2023-01-17', '2223100031', 'H'),
(506, 2, 'XITAV12023/2024', '2023-01-17', '2223100006', 'H'),
(507, 2, 'XITAV12023/2024', '2023-01-17', '2223100024', 'H'),
(508, 2, 'XITAV12023/2024', '2023-01-17', '2223100007', 'H'),
(509, 2, 'XITAV12023/2024', '2023-01-17', '2223100022', 'H'),
(510, 2, 'XITAV12023/2024', '2023-01-17', '2324100003', 'H'),
(511, 2, 'XITAV12023/2024', '2023-01-17', '2223100040', 'H'),
(512, 2, 'XITAV12023/2024', '2023-01-17', '2223100042', 'H'),
(513, 2, 'XITAV12023/2024', '2023-01-17', '2223100026', 'H'),
(514, 2, 'XITAV12023/2024', '2023-01-17', '2223100036', 'H'),
(515, 2, 'XITAV12023/2024', '2023-01-17', '2223100057', 'H'),
(516, 2, 'XITAV12023/2024', '2023-01-17', '2223100029', 'H'),
(517, 2, 'XITAV12023/2024', '2023-01-17', '2223100005', 'H'),
(518, 2, 'XITAV12023/2024', '2023-01-17', '2223100056', 'H'),
(519, 2, 'XITAV12023/2024', '2023-01-17', '2223100008', 'H'),
(520, 2, 'XITAV12023/2024', '2023-01-17', '2223100059', 'H'),
(521, 2, 'XITAV12023/2024', '2023-01-17', '2223100060', 'H'),
(522, 2, 'XITAV12023/2024', '2023-01-17', '2223100001', 'H'),
(523, 2, 'XITAV12023/2024', '2023-01-17', '2223100010', 'H'),
(524, 2, 'XITAV12023/2024', '2023-01-17', '2223100018', 'H'),
(525, 2, 'XITAV12023/2024', '2023-01-17', '2223100039', 'H'),
(526, 2, 'XITAV12023/2024', '2023-01-17', '2223100058', 'H'),
(527, 2, 'XITAV12023/2024', '2023-01-17', '2223100055', 'H'),
(528, 2, 'XITAV12023/2024', '2023-01-17', '2223100028', 'H'),
(529, 2, 'XITAV12023/2024', '2023-01-17', '2223100023', 'H'),
(530, 2, 'XITAV12023/2024', '2023-01-17', '2223100027', 'H'),
(531, 2, 'XITAV12023/2024', '2023-01-17', '2223100034', 'H'),
(532, 2, 'XITAV12023/2024', '2023-01-17', '2223100014', 'H'),
(533, 2, 'XITAV12023/2024', '2023-01-17', '2223100003', 'H'),
(534, 2, 'XITAV12023/2024', '2023-01-17', '2223100054', 'H'),
(535, 2, 'XITAV12023/2024', '2023-01-17', '2223100053', 'H'),
(536, 2, 'XITAV12023/2024', '2023-01-17', '2223100011', 'H'),
(537, 2, 'XITAV12023/2024', '2023-01-18', '2324100001', 'H'),
(538, 2, 'XITAV12023/2024', '2023-01-18', '2223100038', 'H'),
(539, 2, 'XITAV12023/2024', '2023-01-18', '2223100025', 'H'),
(540, 2, 'XITAV12023/2024', '2023-01-18', '2223100047', 'H'),
(541, 2, 'XITAV12023/2024', '2023-01-18', '2223100031', 'H'),
(542, 2, 'XITAV12023/2024', '2023-01-18', '2223100006', 'H'),
(543, 2, 'XITAV12023/2024', '2023-01-18', '2223100024', 'H'),
(544, 2, 'XITAV12023/2024', '2023-01-18', '2223100007', 'H'),
(545, 2, 'XITAV12023/2024', '2023-01-18', '2223100022', 'H'),
(546, 2, 'XITAV12023/2024', '2023-01-18', '2324100003', 'H'),
(547, 2, 'XITAV12023/2024', '2023-01-18', '2223100040', 'H'),
(548, 2, 'XITAV12023/2024', '2023-01-18', '2223100042', 'H'),
(549, 2, 'XITAV12023/2024', '2023-01-18', '2223100026', 'H'),
(550, 2, 'XITAV12023/2024', '2023-01-18', '2223100036', 'H'),
(551, 2, 'XITAV12023/2024', '2023-01-18', '2223100057', 'H'),
(552, 2, 'XITAV12023/2024', '2023-01-18', '2223100029', 'H'),
(553, 2, 'XITAV12023/2024', '2023-01-18', '2223100005', 'H'),
(554, 2, 'XITAV12023/2024', '2023-01-18', '2223100056', 'H'),
(555, 2, 'XITAV12023/2024', '2023-01-18', '2223100008', 'H'),
(556, 2, 'XITAV12023/2024', '2023-01-18', '2223100059', 'H'),
(557, 2, 'XITAV12023/2024', '2023-01-18', '2223100060', 'H'),
(558, 2, 'XITAV12023/2024', '2023-01-18', '2223100001', 'H'),
(559, 2, 'XITAV12023/2024', '2023-01-18', '2223100010', 'H'),
(560, 2, 'XITAV12023/2024', '2023-01-18', '2223100018', 'H'),
(561, 2, 'XITAV12023/2024', '2023-01-18', '2223100039', 'H'),
(562, 2, 'XITAV12023/2024', '2023-01-18', '2223100058', 'H'),
(563, 2, 'XITAV12023/2024', '2023-01-18', '2223100055', 'H'),
(564, 2, 'XITAV12023/2024', '2023-01-18', '2223100028', 'H'),
(565, 2, 'XITAV12023/2024', '2023-01-18', '2223100023', 'H'),
(566, 2, 'XITAV12023/2024', '2023-01-18', '2223100027', 'H'),
(567, 2, 'XITAV12023/2024', '2023-01-18', '2223100034', 'H'),
(568, 2, 'XITAV12023/2024', '2023-01-18', '2223100014', 'H'),
(569, 2, 'XITAV12023/2024', '2023-01-18', '2223100003', 'H'),
(570, 2, 'XITAV12023/2024', '2023-01-18', '2223100054', 'H'),
(571, 2, 'XITAV12023/2024', '2023-01-18', '2223100053', 'H'),
(572, 2, 'XITAV12023/2024', '2023-01-18', '2223100011', 'H'),
(573, 2, 'XITAV12023/2024', '2023-01-19', '2324100001', 'H'),
(574, 2, 'XITAV12023/2024', '2023-01-19', '2223100038', 'H'),
(575, 2, 'XITAV12023/2024', '2023-01-19', '2223100025', 'H'),
(576, 2, 'XITAV12023/2024', '2023-01-19', '2223100047', 'H'),
(577, 2, 'XITAV12023/2024', '2023-01-19', '2223100031', 'H'),
(578, 2, 'XITAV12023/2024', '2023-01-19', '2223100006', 'H'),
(579, 2, 'XITAV12023/2024', '2023-01-19', '2223100024', 'H'),
(580, 2, 'XITAV12023/2024', '2023-01-19', '2223100007', 'H'),
(581, 2, 'XITAV12023/2024', '2023-01-19', '2223100022', 'H'),
(582, 2, 'XITAV12023/2024', '2023-01-19', '2324100003', 'H'),
(583, 2, 'XITAV12023/2024', '2023-01-19', '2223100040', 'H'),
(584, 2, 'XITAV12023/2024', '2023-01-19', '2223100042', 'H'),
(585, 2, 'XITAV12023/2024', '2023-01-19', '2223100026', 'H'),
(586, 2, 'XITAV12023/2024', '2023-01-19', '2223100036', 'H'),
(587, 2, 'XITAV12023/2024', '2023-01-19', '2223100057', 'H'),
(588, 2, 'XITAV12023/2024', '2023-01-19', '2223100029', 'H'),
(589, 2, 'XITAV12023/2024', '2023-01-19', '2223100005', 'H'),
(590, 2, 'XITAV12023/2024', '2023-01-19', '2223100056', 'H'),
(591, 2, 'XITAV12023/2024', '2023-01-19', '2223100008', 'H'),
(592, 2, 'XITAV12023/2024', '2023-01-19', '2223100059', 'H'),
(593, 2, 'XITAV12023/2024', '2023-01-19', '2223100060', 'H'),
(594, 2, 'XITAV12023/2024', '2023-01-19', '2223100001', 'H'),
(595, 2, 'XITAV12023/2024', '2023-01-19', '2223100010', 'H'),
(596, 2, 'XITAV12023/2024', '2023-01-19', '2223100018', 'H'),
(597, 2, 'XITAV12023/2024', '2023-01-19', '2223100039', 'H'),
(598, 2, 'XITAV12023/2024', '2023-01-19', '2223100058', 'H'),
(599, 2, 'XITAV12023/2024', '2023-01-19', '2223100055', 'H'),
(600, 2, 'XITAV12023/2024', '2023-01-19', '2223100028', 'H'),
(601, 2, 'XITAV12023/2024', '2023-01-19', '2223100023', 'H'),
(602, 2, 'XITAV12023/2024', '2023-01-19', '2223100027', 'H'),
(603, 2, 'XITAV12023/2024', '2023-01-19', '2223100034', 'H'),
(604, 2, 'XITAV12023/2024', '2023-01-19', '2223100014', 'H'),
(605, 2, 'XITAV12023/2024', '2023-01-19', '2223100003', 'H'),
(606, 2, 'XITAV12023/2024', '2023-01-19', '2223100054', 'H'),
(607, 2, 'XITAV12023/2024', '2023-01-19', '2223100053', 'H'),
(608, 2, 'XITAV12023/2024', '2023-01-19', '2223100011', 'H'),
(609, 2, 'XITAV12023/2024', '2023-01-20', '2324100001', 'H'),
(610, 2, 'XITAV12023/2024', '2023-01-20', '2223100038', 'H'),
(611, 2, 'XITAV12023/2024', '2023-01-20', '2223100025', 'H'),
(612, 2, 'XITAV12023/2024', '2023-01-20', '2223100047', 'H'),
(613, 2, 'XITAV12023/2024', '2023-01-20', '2223100031', 'H'),
(614, 2, 'XITAV12023/2024', '2023-01-20', '2223100006', 'H'),
(615, 2, 'XITAV12023/2024', '2023-01-20', '2223100024', 'H'),
(616, 2, 'XITAV12023/2024', '2023-01-20', '2223100007', 'H'),
(617, 2, 'XITAV12023/2024', '2023-01-20', '2223100022', 'H'),
(618, 2, 'XITAV12023/2024', '2023-01-20', '2324100003', 'H'),
(619, 2, 'XITAV12023/2024', '2023-01-20', '2223100040', 'H'),
(620, 2, 'XITAV12023/2024', '2023-01-20', '2223100042', 'H'),
(621, 2, 'XITAV12023/2024', '2023-01-20', '2223100026', 'H'),
(622, 2, 'XITAV12023/2024', '2023-01-20', '2223100036', 'H'),
(623, 2, 'XITAV12023/2024', '2023-01-20', '2223100057', 'H'),
(624, 2, 'XITAV12023/2024', '2023-01-20', '2223100029', 'H'),
(625, 2, 'XITAV12023/2024', '2023-01-20', '2223100005', 'H'),
(626, 2, 'XITAV12023/2024', '2023-01-20', '2223100056', 'H'),
(627, 2, 'XITAV12023/2024', '2023-01-20', '2223100008', 'H'),
(628, 2, 'XITAV12023/2024', '2023-01-20', '2223100059', 'H'),
(629, 2, 'XITAV12023/2024', '2023-01-20', '2223100060', 'H'),
(630, 2, 'XITAV12023/2024', '2023-01-20', '2223100001', 'H'),
(631, 2, 'XITAV12023/2024', '2023-01-20', '2223100010', 'H'),
(632, 2, 'XITAV12023/2024', '2023-01-20', '2223100018', 'H'),
(633, 2, 'XITAV12023/2024', '2023-01-20', '2223100039', 'H'),
(634, 2, 'XITAV12023/2024', '2023-01-20', '2223100058', 'H'),
(635, 2, 'XITAV12023/2024', '2023-01-20', '2223100055', 'H'),
(636, 2, 'XITAV12023/2024', '2023-01-20', '2223100028', 'H'),
(637, 2, 'XITAV12023/2024', '2023-01-20', '2223100023', 'H'),
(638, 2, 'XITAV12023/2024', '2023-01-20', '2223100027', 'H'),
(639, 2, 'XITAV12023/2024', '2023-01-20', '2223100034', 'H'),
(640, 2, 'XITAV12023/2024', '2023-01-20', '2223100014', 'H'),
(641, 2, 'XITAV12023/2024', '2023-01-20', '2223100003', 'H'),
(642, 2, 'XITAV12023/2024', '2023-01-20', '2223100054', 'H'),
(643, 2, 'XITAV12023/2024', '2023-01-20', '2223100053', 'H'),
(644, 2, 'XITAV12023/2024', '2023-01-20', '2223100011', 'H'),
(645, 2, 'XITAV12023/2024', '2023-01-23', '2324100001', 'H'),
(646, 2, 'XITAV12023/2024', '2023-01-23', '2223100038', 'H'),
(647, 2, 'XITAV12023/2024', '2023-01-23', '2223100025', 'H'),
(648, 2, 'XITAV12023/2024', '2023-01-23', '2223100047', 'H'),
(649, 2, 'XITAV12023/2024', '2023-01-23', '2223100031', 'H'),
(650, 2, 'XITAV12023/2024', '2023-01-23', '2223100006', 'H'),
(651, 2, 'XITAV12023/2024', '2023-01-23', '2223100024', 'H'),
(652, 2, 'XITAV12023/2024', '2023-01-23', '2223100007', 'H'),
(653, 2, 'XITAV12023/2024', '2023-01-23', '2223100022', 'H'),
(654, 2, 'XITAV12023/2024', '2023-01-23', '2324100003', 'A'),
(655, 2, 'XITAV12023/2024', '2023-01-23', '2223100040', 'H'),
(656, 2, 'XITAV12023/2024', '2023-01-23', '2223100042', 'H'),
(657, 2, 'XITAV12023/2024', '2023-01-23', '2223100026', 'H'),
(658, 2, 'XITAV12023/2024', '2023-01-23', '2223100036', 'H'),
(659, 2, 'XITAV12023/2024', '2023-01-23', '2223100057', 'H'),
(660, 2, 'XITAV12023/2024', '2023-01-23', '2223100029', 'H'),
(661, 2, 'XITAV12023/2024', '2023-01-23', '2223100005', 'H'),
(662, 2, 'XITAV12023/2024', '2023-01-23', '2223100056', 'H'),
(663, 2, 'XITAV12023/2024', '2023-01-23', '2223100008', 'H'),
(664, 2, 'XITAV12023/2024', '2023-01-23', '2223100059', 'H'),
(665, 2, 'XITAV12023/2024', '2023-01-23', '2223100060', 'H'),
(666, 2, 'XITAV12023/2024', '2023-01-23', '2223100001', 'H'),
(667, 2, 'XITAV12023/2024', '2023-01-23', '2223100010', 'H'),
(668, 2, 'XITAV12023/2024', '2023-01-23', '2223100018', 'H'),
(669, 2, 'XITAV12023/2024', '2023-01-23', '2223100039', 'H'),
(670, 2, 'XITAV12023/2024', '2023-01-23', '2223100058', 'H'),
(671, 2, 'XITAV12023/2024', '2023-01-23', '2223100055', 'H'),
(672, 2, 'XITAV12023/2024', '2023-01-23', '2223100028', 'H'),
(673, 2, 'XITAV12023/2024', '2023-01-23', '2223100023', 'H'),
(674, 2, 'XITAV12023/2024', '2023-01-23', '2223100027', 'H'),
(675, 2, 'XITAV12023/2024', '2023-01-23', '2223100034', 'H'),
(676, 2, 'XITAV12023/2024', '2023-01-23', '2223100014', 'H'),
(677, 2, 'XITAV12023/2024', '2023-01-23', '2223100003', 'H'),
(678, 2, 'XITAV12023/2024', '2023-01-23', '2223100054', 'H'),
(679, 2, 'XITAV12023/2024', '2023-01-23', '2223100053', 'H'),
(680, 2, 'XITAV12023/2024', '2023-01-23', '2223100011', 'I'),
(681, 2, 'XITAV12023/2024', '2023-01-24', '2324100001', 'H'),
(682, 2, 'XITAV12023/2024', '2023-01-24', '2223100038', 'H'),
(683, 2, 'XITAV12023/2024', '2023-01-24', '2223100025', 'H'),
(684, 2, 'XITAV12023/2024', '2023-01-24', '2223100047', 'H'),
(685, 2, 'XITAV12023/2024', '2023-01-24', '2223100031', 'H'),
(686, 2, 'XITAV12023/2024', '2023-01-24', '2223100006', 'H'),
(687, 2, 'XITAV12023/2024', '2023-01-24', '2223100024', 'H'),
(688, 2, 'XITAV12023/2024', '2023-01-24', '2223100007', 'H'),
(689, 2, 'XITAV12023/2024', '2023-01-24', '2223100022', 'H'),
(690, 2, 'XITAV12023/2024', '2023-01-24', '2324100003', 'H'),
(691, 2, 'XITAV12023/2024', '2023-01-24', '2223100040', 'H'),
(692, 2, 'XITAV12023/2024', '2023-01-24', '2223100042', 'H'),
(693, 2, 'XITAV12023/2024', '2023-01-24', '2223100026', 'H'),
(694, 2, 'XITAV12023/2024', '2023-01-24', '2223100036', 'H'),
(695, 2, 'XITAV12023/2024', '2023-01-24', '2223100057', 'H'),
(696, 2, 'XITAV12023/2024', '2023-01-24', '2223100029', 'H'),
(697, 2, 'XITAV12023/2024', '2023-01-24', '2223100005', 'H'),
(698, 2, 'XITAV12023/2024', '2023-01-24', '2223100056', 'H'),
(699, 2, 'XITAV12023/2024', '2023-01-24', '2223100008', 'H'),
(700, 2, 'XITAV12023/2024', '2023-01-24', '2223100059', 'H'),
(701, 2, 'XITAV12023/2024', '2023-01-24', '2223100060', 'H'),
(702, 2, 'XITAV12023/2024', '2023-01-24', '2223100001', 'H'),
(703, 2, 'XITAV12023/2024', '2023-01-24', '2223100010', 'H'),
(704, 2, 'XITAV12023/2024', '2023-01-24', '2223100018', 'H'),
(705, 2, 'XITAV12023/2024', '2023-01-24', '2223100039', 'H'),
(706, 2, 'XITAV12023/2024', '2023-01-24', '2223100058', 'H'),
(707, 2, 'XITAV12023/2024', '2023-01-24', '2223100055', 'H'),
(708, 2, 'XITAV12023/2024', '2023-01-24', '2223100028', 'H'),
(709, 2, 'XITAV12023/2024', '2023-01-24', '2223100023', 'H'),
(710, 2, 'XITAV12023/2024', '2023-01-24', '2223100027', 'H'),
(711, 2, 'XITAV12023/2024', '2023-01-24', '2223100034', 'H'),
(712, 2, 'XITAV12023/2024', '2023-01-24', '2223100014', 'H'),
(713, 2, 'XITAV12023/2024', '2023-01-24', '2223100003', 'H'),
(714, 2, 'XITAV12023/2024', '2023-01-24', '2223100054', 'H'),
(715, 2, 'XITAV12023/2024', '2023-01-24', '2223100053', 'H'),
(716, 2, 'XITAV12023/2024', '2023-01-24', '2223100011', 'H'),
(717, 2, 'XITAV12023/2024', '2023-01-25', '2324100001', 'H'),
(718, 2, 'XITAV12023/2024', '2023-01-25', '2223100038', 'H'),
(719, 2, 'XITAV12023/2024', '2023-01-25', '2223100025', 'H'),
(720, 2, 'XITAV12023/2024', '2023-01-25', '2223100047', 'H'),
(721, 2, 'XITAV12023/2024', '2023-01-25', '2223100031', 'H'),
(722, 2, 'XITAV12023/2024', '2023-01-25', '2223100006', 'S'),
(723, 2, 'XITAV12023/2024', '2023-01-25', '2223100024', 'H'),
(724, 2, 'XITAV12023/2024', '2023-01-25', '2223100007', 'H'),
(725, 2, 'XITAV12023/2024', '2023-01-25', '2223100022', 'H'),
(726, 2, 'XITAV12023/2024', '2023-01-25', '2324100003', 'H'),
(727, 2, 'XITAV12023/2024', '2023-01-25', '2223100040', 'H'),
(728, 2, 'XITAV12023/2024', '2023-01-25', '2223100042', 'H'),
(729, 2, 'XITAV12023/2024', '2023-01-25', '2223100026', 'H'),
(730, 2, 'XITAV12023/2024', '2023-01-25', '2223100036', 'H'),
(731, 2, 'XITAV12023/2024', '2023-01-25', '2223100057', 'H'),
(732, 2, 'XITAV12023/2024', '2023-01-25', '2223100029', 'H'),
(733, 2, 'XITAV12023/2024', '2023-01-25', '2223100005', 'H'),
(734, 2, 'XITAV12023/2024', '2023-01-25', '2223100056', 'A'),
(735, 2, 'XITAV12023/2024', '2023-01-25', '2223100008', 'H'),
(736, 2, 'XITAV12023/2024', '2023-01-25', '2223100059', 'H'),
(737, 2, 'XITAV12023/2024', '2023-01-25', '2223100060', 'H'),
(738, 2, 'XITAV12023/2024', '2023-01-25', '2223100001', 'H'),
(739, 2, 'XITAV12023/2024', '2023-01-25', '2223100010', 'H'),
(740, 2, 'XITAV12023/2024', '2023-01-25', '2223100018', 'H'),
(741, 2, 'XITAV12023/2024', '2023-01-25', '2223100039', 'H'),
(742, 2, 'XITAV12023/2024', '2023-01-25', '2223100058', 'H'),
(743, 2, 'XITAV12023/2024', '2023-01-25', '2223100055', 'H'),
(744, 2, 'XITAV12023/2024', '2023-01-25', '2223100028', 'H'),
(745, 2, 'XITAV12023/2024', '2023-01-25', '2223100023', 'H'),
(746, 2, 'XITAV12023/2024', '2023-01-25', '2223100027', 'H'),
(747, 2, 'XITAV12023/2024', '2023-01-25', '2223100034', 'H'),
(748, 2, 'XITAV12023/2024', '2023-01-25', '2223100014', 'H'),
(749, 2, 'XITAV12023/2024', '2023-01-25', '2223100003', 'H'),
(750, 2, 'XITAV12023/2024', '2023-01-25', '2223100054', 'H'),
(751, 2, 'XITAV12023/2024', '2023-01-25', '2223100053', 'H'),
(752, 2, 'XITAV12023/2024', '2023-01-25', '2223100011', 'H'),
(753, 2, 'XITBSM12022/2023', '2023-01-02', '2223100009', 'H'),
(754, 2, 'XITBSM12022/2023', '2023-01-02', '2223100037', 'H'),
(755, 2, 'XITBSM12022/2023', '2023-01-02', '2223100041', 'H'),
(756, 2, 'XITBSM12022/2023', '2023-01-02', '2223100046', 'H'),
(757, 2, 'XITBSM12022/2023', '2023-01-02', '2223100048', 'H'),
(758, 2, 'XITBSM12022/2023', '2023-01-02', '2223100020', 'H'),
(759, 2, 'XITBSM12022/2023', '2023-01-02', '2223100013', 'H'),
(760, 2, 'XITBSM12022/2023', '2023-01-02', '2021100003', 'H'),
(761, 2, 'XITBSM12022/2023', '2023-01-02', '2223100032', 'H'),
(762, 2, 'XITBSM12022/2023', '2023-01-02', '2223100016', 'H'),
(763, 2, 'XITBSM12022/2023', '2023-01-02', '2223100004', 'H'),
(764, 2, 'XITBSM12022/2023', '2023-01-02', '2223100043', 'H'),
(765, 2, 'XITBSM12022/2023', '2023-01-02', '2223100035', 'H'),
(766, 2, 'XITBSM12022/2023', '2023-01-02', '2223100015', 'H'),
(767, 2, 'XITBSM12022/2023', '2023-01-02', '2223100052', 'H'),
(768, 2, 'XITBSM12022/2023', '2023-01-02', '2223100033', 'H'),
(769, 2, 'XITBSM12022/2023', '2023-01-02', '2223100019', 'H'),
(770, 2, 'XITBSM12022/2023', '2023-01-02', '2223100051', 'H'),
(771, 2, 'XITBSM12022/2023', '2023-01-02', '2223100044', 'H'),
(772, 2, 'XITBSM12022/2023', '2023-01-02', '2223100030', 'H'),
(773, 2, 'XITBSM12022/2023', '2023-01-02', '2223100049', 'H'),
(774, 2, 'XITBSM12022/2023', '2023-01-02', '2223100021', 'H'),
(775, 2, 'XITBSM12022/2023', '2023-01-02', '2223100045', 'H'),
(776, 2, 'XITBSM12022/2023', '2023-01-02', '2223100012', 'H'),
(777, 2, 'XITBSM12022/2023', '2023-01-02', '2223100050', 'H'),
(778, 2, 'XITBSM12022/2023', '2023-01-02', '2223100017', 'H'),
(779, 2, 'XITBSM12022/2023', '2023-01-02', '2223100002', 'H'),
(780, 2, 'XITBSM12022/2023', '2023-01-03', '2223100009', 'H'),
(781, 2, 'XITBSM12022/2023', '2023-01-03', '2223100037', 'H'),
(782, 2, 'XITBSM12022/2023', '2023-01-03', '2223100041', 'H'),
(783, 2, 'XITBSM12022/2023', '2023-01-03', '2223100046', 'H'),
(784, 2, 'XITBSM12022/2023', '2023-01-03', '2223100048', 'H'),
(785, 2, 'XITBSM12022/2023', '2023-01-03', '2223100020', 'H'),
(786, 2, 'XITBSM12022/2023', '2023-01-03', '2223100013', 'H'),
(787, 2, 'XITBSM12022/2023', '2023-01-03', '2021100003', 'H'),
(788, 2, 'XITBSM12022/2023', '2023-01-03', '2223100032', 'H'),
(789, 2, 'XITBSM12022/2023', '2023-01-03', '2223100016', 'H'),
(790, 2, 'XITBSM12022/2023', '2023-01-03', '2223100004', 'H'),
(791, 2, 'XITBSM12022/2023', '2023-01-03', '2223100043', 'H'),
(792, 2, 'XITBSM12022/2023', '2023-01-03', '2223100035', 'H'),
(793, 2, 'XITBSM12022/2023', '2023-01-03', '2223100015', 'H'),
(794, 2, 'XITBSM12022/2023', '2023-01-03', '2223100052', 'H'),
(795, 2, 'XITBSM12022/2023', '2023-01-03', '2223100033', 'H'),
(796, 2, 'XITBSM12022/2023', '2023-01-03', '2223100019', 'H'),
(797, 2, 'XITBSM12022/2023', '2023-01-03', '2223100051', 'H'),
(798, 2, 'XITBSM12022/2023', '2023-01-03', '2223100044', 'H'),
(799, 2, 'XITBSM12022/2023', '2023-01-03', '2223100030', 'H'),
(800, 2, 'XITBSM12022/2023', '2023-01-03', '2223100049', 'H'),
(801, 2, 'XITBSM12022/2023', '2023-01-03', '2223100021', 'H'),
(802, 2, 'XITBSM12022/2023', '2023-01-03', '2223100045', 'H'),
(803, 2, 'XITBSM12022/2023', '2023-01-03', '2223100012', 'H'),
(804, 2, 'XITBSM12022/2023', '2023-01-03', '2223100050', 'H'),
(805, 2, 'XITBSM12022/2023', '2023-01-03', '2223100017', 'H'),
(806, 2, 'XITBSM12022/2023', '2023-01-03', '2223100002', 'H'),
(807, 2, 'XITBSM12022/2023', '2023-01-04', '2223100009', 'H'),
(808, 2, 'XITBSM12022/2023', '2023-01-04', '2223100037', 'H'),
(809, 2, 'XITBSM12022/2023', '2023-01-04', '2223100041', 'H'),
(810, 2, 'XITBSM12022/2023', '2023-01-04', '2223100046', 'H'),
(811, 2, 'XITBSM12022/2023', '2023-01-04', '2223100048', 'H'),
(812, 2, 'XITBSM12022/2023', '2023-01-04', '2223100020', 'H'),
(813, 2, 'XITBSM12022/2023', '2023-01-04', '2223100013', 'H'),
(814, 2, 'XITBSM12022/2023', '2023-01-04', '2021100003', 'H'),
(815, 2, 'XITBSM12022/2023', '2023-01-04', '2223100032', 'H'),
(816, 2, 'XITBSM12022/2023', '2023-01-04', '2223100016', 'H'),
(817, 2, 'XITBSM12022/2023', '2023-01-04', '2223100004', 'H'),
(818, 2, 'XITBSM12022/2023', '2023-01-04', '2223100043', 'H'),
(819, 2, 'XITBSM12022/2023', '2023-01-04', '2223100035', 'H'),
(820, 2, 'XITBSM12022/2023', '2023-01-04', '2223100015', 'H'),
(821, 2, 'XITBSM12022/2023', '2023-01-04', '2223100052', 'H'),
(822, 2, 'XITBSM12022/2023', '2023-01-04', '2223100033', 'H'),
(823, 2, 'XITBSM12022/2023', '2023-01-04', '2223100019', 'H'),
(824, 2, 'XITBSM12022/2023', '2023-01-04', '2223100051', 'H'),
(825, 2, 'XITBSM12022/2023', '2023-01-04', '2223100044', 'H'),
(826, 2, 'XITBSM12022/2023', '2023-01-04', '2223100030', 'H'),
(827, 2, 'XITBSM12022/2023', '2023-01-04', '2223100049', 'H'),
(828, 2, 'XITBSM12022/2023', '2023-01-04', '2223100021', 'H'),
(829, 2, 'XITBSM12022/2023', '2023-01-04', '2223100045', 'H'),
(830, 2, 'XITBSM12022/2023', '2023-01-04', '2223100012', 'H'),
(831, 2, 'XITBSM12022/2023', '2023-01-04', '2223100050', 'H'),
(832, 2, 'XITBSM12022/2023', '2023-01-04', '2223100017', 'H'),
(833, 2, 'XITBSM12022/2023', '2023-01-04', '2223100002', 'H'),
(834, 2, 'XITBSM12022/2023', '2023-01-05', '2223100009', 'H'),
(835, 2, 'XITBSM12022/2023', '2023-01-05', '2223100037', 'H'),
(836, 2, 'XITBSM12022/2023', '2023-01-05', '2223100041', 'H'),
(837, 2, 'XITBSM12022/2023', '2023-01-05', '2223100046', 'H'),
(838, 2, 'XITBSM12022/2023', '2023-01-05', '2223100048', 'H'),
(839, 2, 'XITBSM12022/2023', '2023-01-05', '2223100020', 'H'),
(840, 2, 'XITBSM12022/2023', '2023-01-05', '2223100013', 'H'),
(841, 2, 'XITBSM12022/2023', '2023-01-05', '2021100003', 'H'),
(842, 2, 'XITBSM12022/2023', '2023-01-05', '2223100032', 'H'),
(843, 2, 'XITBSM12022/2023', '2023-01-05', '2223100016', 'H'),
(844, 2, 'XITBSM12022/2023', '2023-01-05', '2223100004', 'H'),
(845, 2, 'XITBSM12022/2023', '2023-01-05', '2223100043', 'H'),
(846, 2, 'XITBSM12022/2023', '2023-01-05', '2223100035', 'H'),
(847, 2, 'XITBSM12022/2023', '2023-01-05', '2223100015', 'H'),
(848, 2, 'XITBSM12022/2023', '2023-01-05', '2223100052', 'H'),
(849, 2, 'XITBSM12022/2023', '2023-01-05', '2223100033', 'H'),
(850, 2, 'XITBSM12022/2023', '2023-01-05', '2223100019', 'H'),
(851, 2, 'XITBSM12022/2023', '2023-01-05', '2223100051', 'H'),
(852, 2, 'XITBSM12022/2023', '2023-01-05', '2223100044', 'H'),
(853, 2, 'XITBSM12022/2023', '2023-01-05', '2223100030', 'H'),
(854, 2, 'XITBSM12022/2023', '2023-01-05', '2223100049', 'H'),
(855, 2, 'XITBSM12022/2023', '2023-01-05', '2223100021', 'H'),
(856, 2, 'XITBSM12022/2023', '2023-01-05', '2223100045', 'H'),
(857, 2, 'XITBSM12022/2023', '2023-01-05', '2223100012', 'H'),
(858, 2, 'XITBSM12022/2023', '2023-01-05', '2223100050', 'H'),
(859, 2, 'XITBSM12022/2023', '2023-01-05', '2223100017', 'H'),
(860, 2, 'XITBSM12022/2023', '2023-01-05', '2223100002', 'H'),
(861, 2, 'XITBSM12022/2023', '2023-01-06', '2223100009', 'H'),
(862, 2, 'XITBSM12022/2023', '2023-01-06', '2223100037', 'H'),
(863, 2, 'XITBSM12022/2023', '2023-01-06', '2223100041', 'H'),
(864, 2, 'XITBSM12022/2023', '2023-01-06', '2223100046', 'H'),
(865, 2, 'XITBSM12022/2023', '2023-01-06', '2223100048', 'H'),
(866, 2, 'XITBSM12022/2023', '2023-01-06', '2223100020', 'H'),
(867, 2, 'XITBSM12022/2023', '2023-01-06', '2223100013', 'H'),
(868, 2, 'XITBSM12022/2023', '2023-01-06', '2021100003', 'H'),
(869, 2, 'XITBSM12022/2023', '2023-01-06', '2223100032', 'H'),
(870, 2, 'XITBSM12022/2023', '2023-01-06', '2223100016', 'H'),
(871, 2, 'XITBSM12022/2023', '2023-01-06', '2223100004', 'H'),
(872, 2, 'XITBSM12022/2023', '2023-01-06', '2223100043', 'H'),
(873, 2, 'XITBSM12022/2023', '2023-01-06', '2223100035', 'H'),
(874, 2, 'XITBSM12022/2023', '2023-01-06', '2223100015', 'H'),
(875, 2, 'XITBSM12022/2023', '2023-01-06', '2223100052', 'H'),
(876, 2, 'XITBSM12022/2023', '2023-01-06', '2223100033', 'H'),
(877, 2, 'XITBSM12022/2023', '2023-01-06', '2223100019', 'H'),
(878, 2, 'XITBSM12022/2023', '2023-01-06', '2223100051', 'H'),
(879, 2, 'XITBSM12022/2023', '2023-01-06', '2223100044', 'H'),
(880, 2, 'XITBSM12022/2023', '2023-01-06', '2223100030', 'H'),
(881, 2, 'XITBSM12022/2023', '2023-01-06', '2223100049', 'H'),
(882, 2, 'XITBSM12022/2023', '2023-01-06', '2223100021', 'H'),
(883, 2, 'XITBSM12022/2023', '2023-01-06', '2223100045', 'H'),
(884, 2, 'XITBSM12022/2023', '2023-01-06', '2223100012', 'H'),
(885, 2, 'XITBSM12022/2023', '2023-01-06', '2223100050', 'H'),
(886, 2, 'XITBSM12022/2023', '2023-01-06', '2223100017', 'H'),
(887, 2, 'XITBSM12022/2023', '2023-01-06', '2223100002', 'H'),
(888, 2, 'XITBSM12022/2023', '2023-01-09', '2223100009', 'H'),
(889, 2, 'XITBSM12022/2023', '2023-01-09', '2223100037', 'H'),
(890, 2, 'XITBSM12022/2023', '2023-01-09', '2223100041', 'H'),
(891, 2, 'XITBSM12022/2023', '2023-01-09', '2223100046', 'H'),
(892, 2, 'XITBSM12022/2023', '2023-01-09', '2223100048', 'H'),
(893, 2, 'XITBSM12022/2023', '2023-01-09', '2223100020', 'H'),
(894, 2, 'XITBSM12022/2023', '2023-01-09', '2223100013', 'H'),
(895, 2, 'XITBSM12022/2023', '2023-01-09', '2021100003', 'H'),
(896, 2, 'XITBSM12022/2023', '2023-01-09', '2223100032', 'H'),
(897, 2, 'XITBSM12022/2023', '2023-01-09', '2223100016', 'H'),
(898, 2, 'XITBSM12022/2023', '2023-01-09', '2223100004', 'H'),
(899, 2, 'XITBSM12022/2023', '2023-01-09', '2223100043', 'H'),
(900, 2, 'XITBSM12022/2023', '2023-01-09', '2223100035', 'H'),
(901, 2, 'XITBSM12022/2023', '2023-01-09', '2223100015', 'H'),
(902, 2, 'XITBSM12022/2023', '2023-01-09', '2223100052', 'H'),
(903, 2, 'XITBSM12022/2023', '2023-01-09', '2223100033', 'H'),
(904, 2, 'XITBSM12022/2023', '2023-01-09', '2223100019', 'H'),
(905, 2, 'XITBSM12022/2023', '2023-01-09', '2223100051', 'H'),
(906, 2, 'XITBSM12022/2023', '2023-01-09', '2223100044', 'H'),
(907, 2, 'XITBSM12022/2023', '2023-01-09', '2223100030', 'H'),
(908, 2, 'XITBSM12022/2023', '2023-01-09', '2223100049', 'H'),
(909, 2, 'XITBSM12022/2023', '2023-01-09', '2223100021', 'H'),
(910, 2, 'XITBSM12022/2023', '2023-01-09', '2223100045', 'H'),
(911, 2, 'XITBSM12022/2023', '2023-01-09', '2223100012', 'H'),
(912, 2, 'XITBSM12022/2023', '2023-01-09', '2223100050', 'H'),
(913, 2, 'XITBSM12022/2023', '2023-01-09', '2223100017', 'H'),
(914, 2, 'XITBSM12022/2023', '2023-01-09', '2223100002', 'H'),
(915, 2, 'XITBSM12022/2023', '2023-01-10', '2223100009', 'H'),
(916, 2, 'XITBSM12022/2023', '2023-01-10', '2223100037', 'H'),
(917, 2, 'XITBSM12022/2023', '2023-01-10', '2223100041', 'H'),
(918, 2, 'XITBSM12022/2023', '2023-01-10', '2223100046', 'H'),
(919, 2, 'XITBSM12022/2023', '2023-01-10', '2223100048', 'H'),
(920, 2, 'XITBSM12022/2023', '2023-01-10', '2223100020', 'H'),
(921, 2, 'XITBSM12022/2023', '2023-01-10', '2223100013', 'H'),
(922, 2, 'XITBSM12022/2023', '2023-01-10', '2021100003', 'H'),
(923, 2, 'XITBSM12022/2023', '2023-01-10', '2223100032', 'H'),
(924, 2, 'XITBSM12022/2023', '2023-01-10', '2223100016', 'H'),
(925, 2, 'XITBSM12022/2023', '2023-01-10', '2223100004', 'H'),
(926, 2, 'XITBSM12022/2023', '2023-01-10', '2223100043', 'H'),
(927, 2, 'XITBSM12022/2023', '2023-01-10', '2223100035', 'H'),
(928, 2, 'XITBSM12022/2023', '2023-01-10', '2223100015', 'H'),
(929, 2, 'XITBSM12022/2023', '2023-01-10', '2223100052', 'H'),
(930, 2, 'XITBSM12022/2023', '2023-01-10', '2223100033', 'H'),
(931, 2, 'XITBSM12022/2023', '2023-01-10', '2223100019', 'H'),
(932, 2, 'XITBSM12022/2023', '2023-01-10', '2223100051', 'H');
INSERT INTO `kehadiransiswasekolah` (`id_kehadiran`, `id_admin`, `kode_kelas`, `tanggal`, `nis`, `keterangan`) VALUES
(933, 2, 'XITBSM12022/2023', '2023-01-10', '2223100044', 'H'),
(934, 2, 'XITBSM12022/2023', '2023-01-10', '2223100030', 'H'),
(935, 2, 'XITBSM12022/2023', '2023-01-10', '2223100049', 'H'),
(936, 2, 'XITBSM12022/2023', '2023-01-10', '2223100021', 'H'),
(937, 2, 'XITBSM12022/2023', '2023-01-10', '2223100045', 'H'),
(938, 2, 'XITBSM12022/2023', '2023-01-10', '2223100012', 'H'),
(939, 2, 'XITBSM12022/2023', '2023-01-10', '2223100050', 'H'),
(940, 2, 'XITBSM12022/2023', '2023-01-10', '2223100017', 'H'),
(941, 2, 'XITBSM12022/2023', '2023-01-10', '2223100002', 'H'),
(942, 2, 'XITBSM12022/2023', '2023-01-11', '2223100009', 'H'),
(943, 2, 'XITBSM12022/2023', '2023-01-11', '2223100037', 'H'),
(944, 2, 'XITBSM12022/2023', '2023-01-11', '2223100041', 'H'),
(945, 2, 'XITBSM12022/2023', '2023-01-11', '2223100046', 'H'),
(946, 2, 'XITBSM12022/2023', '2023-01-11', '2223100048', 'H'),
(947, 2, 'XITBSM12022/2023', '2023-01-11', '2223100020', 'H'),
(948, 2, 'XITBSM12022/2023', '2023-01-11', '2223100013', 'H'),
(949, 2, 'XITBSM12022/2023', '2023-01-11', '2021100003', 'H'),
(950, 2, 'XITBSM12022/2023', '2023-01-11', '2223100032', 'H'),
(951, 2, 'XITBSM12022/2023', '2023-01-11', '2223100016', 'H'),
(952, 2, 'XITBSM12022/2023', '2023-01-11', '2223100004', 'H'),
(953, 2, 'XITBSM12022/2023', '2023-01-11', '2223100043', 'H'),
(954, 2, 'XITBSM12022/2023', '2023-01-11', '2223100035', 'H'),
(955, 2, 'XITBSM12022/2023', '2023-01-11', '2223100015', 'H'),
(956, 2, 'XITBSM12022/2023', '2023-01-11', '2223100052', 'H'),
(957, 2, 'XITBSM12022/2023', '2023-01-11', '2223100033', 'H'),
(958, 2, 'XITBSM12022/2023', '2023-01-11', '2223100019', 'H'),
(959, 2, 'XITBSM12022/2023', '2023-01-11', '2223100051', 'H'),
(960, 2, 'XITBSM12022/2023', '2023-01-11', '2223100044', 'H'),
(961, 2, 'XITBSM12022/2023', '2023-01-11', '2223100030', 'H'),
(962, 2, 'XITBSM12022/2023', '2023-01-11', '2223100049', 'H'),
(963, 2, 'XITBSM12022/2023', '2023-01-11', '2223100021', 'H'),
(964, 2, 'XITBSM12022/2023', '2023-01-11', '2223100045', 'H'),
(965, 2, 'XITBSM12022/2023', '2023-01-11', '2223100012', 'H'),
(966, 2, 'XITBSM12022/2023', '2023-01-11', '2223100050', 'H'),
(967, 2, 'XITBSM12022/2023', '2023-01-11', '2223100017', 'H'),
(968, 2, 'XITBSM12022/2023', '2023-01-11', '2223100002', 'H'),
(969, 2, 'XITBSM12022/2023', '2023-01-12', '2223100009', 'H'),
(970, 2, 'XITBSM12022/2023', '2023-01-12', '2223100037', 'H'),
(971, 2, 'XITBSM12022/2023', '2023-01-12', '2223100041', 'H'),
(972, 2, 'XITBSM12022/2023', '2023-01-12', '2223100046', 'H'),
(973, 2, 'XITBSM12022/2023', '2023-01-12', '2223100048', 'H'),
(974, 2, 'XITBSM12022/2023', '2023-01-12', '2223100020', 'H'),
(975, 2, 'XITBSM12022/2023', '2023-01-12', '2223100013', 'H'),
(976, 2, 'XITBSM12022/2023', '2023-01-12', '2021100003', 'H'),
(977, 2, 'XITBSM12022/2023', '2023-01-12', '2223100032', 'H'),
(978, 2, 'XITBSM12022/2023', '2023-01-12', '2223100016', 'H'),
(979, 2, 'XITBSM12022/2023', '2023-01-12', '2223100004', 'H'),
(980, 2, 'XITBSM12022/2023', '2023-01-12', '2223100043', 'H'),
(981, 2, 'XITBSM12022/2023', '2023-01-12', '2223100035', 'H'),
(982, 2, 'XITBSM12022/2023', '2023-01-12', '2223100015', 'H'),
(983, 2, 'XITBSM12022/2023', '2023-01-12', '2223100052', 'H'),
(984, 2, 'XITBSM12022/2023', '2023-01-12', '2223100033', 'H'),
(985, 2, 'XITBSM12022/2023', '2023-01-12', '2223100019', 'H'),
(986, 2, 'XITBSM12022/2023', '2023-01-12', '2223100051', 'H'),
(987, 2, 'XITBSM12022/2023', '2023-01-12', '2223100044', 'H'),
(988, 2, 'XITBSM12022/2023', '2023-01-12', '2223100030', 'H'),
(989, 2, 'XITBSM12022/2023', '2023-01-12', '2223100049', 'H'),
(990, 2, 'XITBSM12022/2023', '2023-01-12', '2223100021', 'H'),
(991, 2, 'XITBSM12022/2023', '2023-01-12', '2223100045', 'H'),
(992, 2, 'XITBSM12022/2023', '2023-01-12', '2223100012', 'H'),
(993, 2, 'XITBSM12022/2023', '2023-01-12', '2223100050', 'H'),
(994, 2, 'XITBSM12022/2023', '2023-01-12', '2223100017', 'H'),
(995, 2, 'XITBSM12022/2023', '2023-01-12', '2223100002', 'H'),
(996, 2, 'XITBSM12022/2023', '2023-01-13', '2223100009', 'H'),
(997, 2, 'XITBSM12022/2023', '2023-01-13', '2223100037', 'H'),
(998, 2, 'XITBSM12022/2023', '2023-01-13', '2223100041', 'H'),
(999, 2, 'XITBSM12022/2023', '2023-01-13', '2223100046', 'H'),
(1000, 2, 'XITBSM12022/2023', '2023-01-13', '2223100048', 'H'),
(1001, 2, 'XITBSM12022/2023', '2023-01-13', '2223100020', 'H'),
(1002, 2, 'XITBSM12022/2023', '2023-01-13', '2223100013', 'H'),
(1003, 2, 'XITBSM12022/2023', '2023-01-13', '2021100003', 'H'),
(1004, 2, 'XITBSM12022/2023', '2023-01-13', '2223100032', 'H'),
(1005, 2, 'XITBSM12022/2023', '2023-01-13', '2223100016', 'H'),
(1006, 2, 'XITBSM12022/2023', '2023-01-13', '2223100004', 'H'),
(1007, 2, 'XITBSM12022/2023', '2023-01-13', '2223100043', 'H'),
(1008, 2, 'XITBSM12022/2023', '2023-01-13', '2223100035', 'H'),
(1009, 2, 'XITBSM12022/2023', '2023-01-13', '2223100015', 'H'),
(1010, 2, 'XITBSM12022/2023', '2023-01-13', '2223100052', 'H'),
(1011, 2, 'XITBSM12022/2023', '2023-01-13', '2223100033', 'H'),
(1012, 2, 'XITBSM12022/2023', '2023-01-13', '2223100019', 'H'),
(1013, 2, 'XITBSM12022/2023', '2023-01-13', '2223100051', 'H'),
(1014, 2, 'XITBSM12022/2023', '2023-01-13', '2223100044', 'H'),
(1015, 2, 'XITBSM12022/2023', '2023-01-13', '2223100030', 'H'),
(1016, 2, 'XITBSM12022/2023', '2023-01-13', '2223100049', 'H'),
(1017, 2, 'XITBSM12022/2023', '2023-01-13', '2223100021', 'H'),
(1018, 2, 'XITBSM12022/2023', '2023-01-13', '2223100045', 'H'),
(1019, 2, 'XITBSM12022/2023', '2023-01-13', '2223100012', 'H'),
(1020, 2, 'XITBSM12022/2023', '2023-01-13', '2223100050', 'H'),
(1021, 2, 'XITBSM12022/2023', '2023-01-13', '2223100017', 'H'),
(1022, 2, 'XITBSM12022/2023', '2023-01-13', '2223100002', 'H'),
(1050, 2, 'XITBSM12022/2023', '2023-01-16', '2223100009', 'H'),
(1051, 2, 'XITBSM12022/2023', '2023-01-16', '2223100037', 'H'),
(1052, 2, 'XITBSM12022/2023', '2023-01-16', '2223100041', 'H'),
(1053, 2, 'XITBSM12022/2023', '2023-01-16', '2223100046', 'H'),
(1054, 2, 'XITBSM12022/2023', '2023-01-16', '2223100048', 'H'),
(1055, 2, 'XITBSM12022/2023', '2023-01-16', '2223100020', 'H'),
(1056, 2, 'XITBSM12022/2023', '2023-01-16', '2223100013', 'H'),
(1057, 2, 'XITBSM12022/2023', '2023-01-16', '2021100003', 'H'),
(1058, 2, 'XITBSM12022/2023', '2023-01-16', '2223100032', 'H'),
(1059, 2, 'XITBSM12022/2023', '2023-01-16', '2223100016', 'H'),
(1060, 2, 'XITBSM12022/2023', '2023-01-16', '2223100004', 'H'),
(1061, 2, 'XITBSM12022/2023', '2023-01-16', '2223100043', 'H'),
(1062, 2, 'XITBSM12022/2023', '2023-01-16', '2223100035', 'H'),
(1063, 2, 'XITBSM12022/2023', '2023-01-16', '2223100015', 'H'),
(1064, 2, 'XITBSM12022/2023', '2023-01-16', '2223100052', 'H'),
(1065, 2, 'XITBSM12022/2023', '2023-01-16', '2223100033', 'H'),
(1066, 2, 'XITBSM12022/2023', '2023-01-16', '2223100019', 'H'),
(1067, 2, 'XITBSM12022/2023', '2023-01-16', '2223100051', 'H'),
(1068, 2, 'XITBSM12022/2023', '2023-01-16', '2223100044', 'H'),
(1069, 2, 'XITBSM12022/2023', '2023-01-16', '2223100030', 'H'),
(1070, 2, 'XITBSM12022/2023', '2023-01-16', '2223100049', 'H'),
(1071, 2, 'XITBSM12022/2023', '2023-01-16', '2223100021', 'H'),
(1072, 2, 'XITBSM12022/2023', '2023-01-16', '2223100045', 'H'),
(1073, 2, 'XITBSM12022/2023', '2023-01-16', '2223100012', 'H'),
(1074, 2, 'XITBSM12022/2023', '2023-01-16', '2223100050', 'H'),
(1075, 2, 'XITBSM12022/2023', '2023-01-16', '2223100017', 'H'),
(1076, 2, 'XITBSM12022/2023', '2023-01-16', '2223100002', 'H'),
(1077, 2, 'XITBSM12022/2023', '2023-01-17', '2223100009', 'H'),
(1078, 2, 'XITBSM12022/2023', '2023-01-17', '2223100037', 'H'),
(1079, 2, 'XITBSM12022/2023', '2023-01-17', '2223100041', 'H'),
(1080, 2, 'XITBSM12022/2023', '2023-01-17', '2223100046', 'H'),
(1081, 2, 'XITBSM12022/2023', '2023-01-17', '2223100048', 'H'),
(1082, 2, 'XITBSM12022/2023', '2023-01-17', '2223100020', 'H'),
(1083, 2, 'XITBSM12022/2023', '2023-01-17', '2223100013', 'H'),
(1084, 2, 'XITBSM12022/2023', '2023-01-17', '2021100003', 'H'),
(1085, 2, 'XITBSM12022/2023', '2023-01-17', '2223100032', 'H'),
(1086, 2, 'XITBSM12022/2023', '2023-01-17', '2223100016', 'H'),
(1087, 2, 'XITBSM12022/2023', '2023-01-17', '2223100004', 'H'),
(1088, 2, 'XITBSM12022/2023', '2023-01-17', '2223100043', 'H'),
(1089, 2, 'XITBSM12022/2023', '2023-01-17', '2223100035', 'H'),
(1090, 2, 'XITBSM12022/2023', '2023-01-17', '2223100015', 'H'),
(1091, 2, 'XITBSM12022/2023', '2023-01-17', '2223100052', 'H'),
(1092, 2, 'XITBSM12022/2023', '2023-01-17', '2223100033', 'H'),
(1093, 2, 'XITBSM12022/2023', '2023-01-17', '2223100019', 'H'),
(1094, 2, 'XITBSM12022/2023', '2023-01-17', '2223100051', 'H'),
(1095, 2, 'XITBSM12022/2023', '2023-01-17', '2223100044', 'H'),
(1096, 2, 'XITBSM12022/2023', '2023-01-17', '2223100030', 'H'),
(1097, 2, 'XITBSM12022/2023', '2023-01-17', '2223100049', 'H'),
(1098, 2, 'XITBSM12022/2023', '2023-01-17', '2223100021', 'H'),
(1099, 2, 'XITBSM12022/2023', '2023-01-17', '2223100045', 'H'),
(1100, 2, 'XITBSM12022/2023', '2023-01-17', '2223100012', 'H'),
(1101, 2, 'XITBSM12022/2023', '2023-01-17', '2223100050', 'H'),
(1102, 2, 'XITBSM12022/2023', '2023-01-17', '2223100017', 'H'),
(1103, 2, 'XITBSM12022/2023', '2023-01-17', '2223100002', 'H'),
(1104, 2, 'XITBSM12022/2023', '2023-01-18', '2223100009', 'H'),
(1105, 2, 'XITBSM12022/2023', '2023-01-18', '2223100037', 'H'),
(1106, 2, 'XITBSM12022/2023', '2023-01-18', '2223100041', 'H'),
(1107, 2, 'XITBSM12022/2023', '2023-01-18', '2223100046', 'H'),
(1108, 2, 'XITBSM12022/2023', '2023-01-18', '2223100048', 'H'),
(1109, 2, 'XITBSM12022/2023', '2023-01-18', '2223100020', 'H'),
(1110, 2, 'XITBSM12022/2023', '2023-01-18', '2223100013', 'H'),
(1111, 2, 'XITBSM12022/2023', '2023-01-18', '2021100003', 'H'),
(1112, 2, 'XITBSM12022/2023', '2023-01-18', '2223100032', 'H'),
(1113, 2, 'XITBSM12022/2023', '2023-01-18', '2223100016', 'H'),
(1114, 2, 'XITBSM12022/2023', '2023-01-18', '2223100004', 'H'),
(1115, 2, 'XITBSM12022/2023', '2023-01-18', '2223100043', 'H'),
(1116, 2, 'XITBSM12022/2023', '2023-01-18', '2223100035', 'H'),
(1117, 2, 'XITBSM12022/2023', '2023-01-18', '2223100015', 'H'),
(1118, 2, 'XITBSM12022/2023', '2023-01-18', '2223100052', 'H'),
(1119, 2, 'XITBSM12022/2023', '2023-01-18', '2223100033', 'H'),
(1120, 2, 'XITBSM12022/2023', '2023-01-18', '2223100019', 'H'),
(1121, 2, 'XITBSM12022/2023', '2023-01-18', '2223100051', 'H'),
(1122, 2, 'XITBSM12022/2023', '2023-01-18', '2223100044', 'H'),
(1123, 2, 'XITBSM12022/2023', '2023-01-18', '2223100030', 'H'),
(1124, 2, 'XITBSM12022/2023', '2023-01-18', '2223100049', 'H'),
(1125, 2, 'XITBSM12022/2023', '2023-01-18', '2223100021', 'H'),
(1126, 2, 'XITBSM12022/2023', '2023-01-18', '2223100045', 'H'),
(1127, 2, 'XITBSM12022/2023', '2023-01-18', '2223100012', 'H'),
(1128, 2, 'XITBSM12022/2023', '2023-01-18', '2223100050', 'H'),
(1129, 2, 'XITBSM12022/2023', '2023-01-18', '2223100017', 'H'),
(1130, 2, 'XITBSM12022/2023', '2023-01-18', '2223100002', 'H'),
(1131, 2, 'XITBSM12022/2023', '2023-01-19', '2223100009', 'H'),
(1132, 2, 'XITBSM12022/2023', '2023-01-19', '2223100037', 'H'),
(1133, 2, 'XITBSM12022/2023', '2023-01-19', '2223100041', 'H'),
(1134, 2, 'XITBSM12022/2023', '2023-01-19', '2223100046', 'H'),
(1135, 2, 'XITBSM12022/2023', '2023-01-19', '2223100048', 'H'),
(1136, 2, 'XITBSM12022/2023', '2023-01-19', '2223100020', 'H'),
(1137, 2, 'XITBSM12022/2023', '2023-01-19', '2223100013', 'H'),
(1138, 2, 'XITBSM12022/2023', '2023-01-19', '2021100003', 'H'),
(1139, 2, 'XITBSM12022/2023', '2023-01-19', '2223100032', 'H'),
(1140, 2, 'XITBSM12022/2023', '2023-01-19', '2223100016', 'H'),
(1141, 2, 'XITBSM12022/2023', '2023-01-19', '2223100004', 'H'),
(1142, 2, 'XITBSM12022/2023', '2023-01-19', '2223100043', 'H'),
(1143, 2, 'XITBSM12022/2023', '2023-01-19', '2223100035', 'H'),
(1144, 2, 'XITBSM12022/2023', '2023-01-19', '2223100015', 'H'),
(1145, 2, 'XITBSM12022/2023', '2023-01-19', '2223100052', 'H'),
(1146, 2, 'XITBSM12022/2023', '2023-01-19', '2223100033', 'H'),
(1147, 2, 'XITBSM12022/2023', '2023-01-19', '2223100019', 'H'),
(1148, 2, 'XITBSM12022/2023', '2023-01-19', '2223100051', 'H'),
(1149, 2, 'XITBSM12022/2023', '2023-01-19', '2223100044', 'H'),
(1150, 2, 'XITBSM12022/2023', '2023-01-19', '2223100030', 'H'),
(1151, 2, 'XITBSM12022/2023', '2023-01-19', '2223100049', 'H'),
(1152, 2, 'XITBSM12022/2023', '2023-01-19', '2223100021', 'H'),
(1153, 2, 'XITBSM12022/2023', '2023-01-19', '2223100045', 'H'),
(1154, 2, 'XITBSM12022/2023', '2023-01-19', '2223100012', 'H'),
(1155, 2, 'XITBSM12022/2023', '2023-01-19', '2223100050', 'H'),
(1156, 2, 'XITBSM12022/2023', '2023-01-19', '2223100017', 'H'),
(1157, 2, 'XITBSM12022/2023', '2023-01-19', '2223100002', 'H'),
(1158, 2, 'XITBSM12022/2023', '2023-01-20', '2223100009', 'H'),
(1159, 2, 'XITBSM12022/2023', '2023-01-20', '2223100037', 'H'),
(1160, 2, 'XITBSM12022/2023', '2023-01-20', '2223100041', 'H'),
(1161, 2, 'XITBSM12022/2023', '2023-01-20', '2223100046', 'H'),
(1162, 2, 'XITBSM12022/2023', '2023-01-20', '2223100048', 'H'),
(1163, 2, 'XITBSM12022/2023', '2023-01-20', '2223100020', 'H'),
(1164, 2, 'XITBSM12022/2023', '2023-01-20', '2223100013', 'H'),
(1165, 2, 'XITBSM12022/2023', '2023-01-20', '2021100003', 'H'),
(1166, 2, 'XITBSM12022/2023', '2023-01-20', '2223100032', 'H'),
(1167, 2, 'XITBSM12022/2023', '2023-01-20', '2223100016', 'H'),
(1168, 2, 'XITBSM12022/2023', '2023-01-20', '2223100004', 'H'),
(1169, 2, 'XITBSM12022/2023', '2023-01-20', '2223100043', 'H'),
(1170, 2, 'XITBSM12022/2023', '2023-01-20', '2223100035', 'H'),
(1171, 2, 'XITBSM12022/2023', '2023-01-20', '2223100015', 'H'),
(1172, 2, 'XITBSM12022/2023', '2023-01-20', '2223100052', 'H'),
(1173, 2, 'XITBSM12022/2023', '2023-01-20', '2223100033', 'H'),
(1174, 2, 'XITBSM12022/2023', '2023-01-20', '2223100019', 'H'),
(1175, 2, 'XITBSM12022/2023', '2023-01-20', '2223100051', 'H'),
(1176, 2, 'XITBSM12022/2023', '2023-01-20', '2223100044', 'H'),
(1177, 2, 'XITBSM12022/2023', '2023-01-20', '2223100030', 'H'),
(1178, 2, 'XITBSM12022/2023', '2023-01-20', '2223100049', 'H'),
(1179, 2, 'XITBSM12022/2023', '2023-01-20', '2223100021', 'H'),
(1180, 2, 'XITBSM12022/2023', '2023-01-20', '2223100045', 'H'),
(1181, 2, 'XITBSM12022/2023', '2023-01-20', '2223100012', 'H'),
(1182, 2, 'XITBSM12022/2023', '2023-01-20', '2223100050', 'H'),
(1183, 2, 'XITBSM12022/2023', '2023-01-20', '2223100017', 'H'),
(1184, 2, 'XITBSM12022/2023', '2023-01-20', '2223100002', 'H'),
(1185, 2, 'XITBSM12022/2023', '2023-01-23', '2223100009', 'H'),
(1186, 2, 'XITBSM12022/2023', '2023-01-23', '2223100037', 'H'),
(1187, 2, 'XITBSM12022/2023', '2023-01-23', '2223100041', 'H'),
(1188, 2, 'XITBSM12022/2023', '2023-01-23', '2223100046', 'H'),
(1189, 2, 'XITBSM12022/2023', '2023-01-23', '2223100048', 'H'),
(1190, 2, 'XITBSM12022/2023', '2023-01-23', '2223100020', 'H'),
(1191, 2, 'XITBSM12022/2023', '2023-01-23', '2223100013', 'H'),
(1192, 2, 'XITBSM12022/2023', '2023-01-23', '2021100003', 'H'),
(1193, 2, 'XITBSM12022/2023', '2023-01-23', '2223100032', 'H'),
(1194, 2, 'XITBSM12022/2023', '2023-01-23', '2223100016', 'H'),
(1195, 2, 'XITBSM12022/2023', '2023-01-23', '2223100004', 'H'),
(1196, 2, 'XITBSM12022/2023', '2023-01-23', '2223100043', 'H'),
(1197, 2, 'XITBSM12022/2023', '2023-01-23', '2223100035', 'H'),
(1198, 2, 'XITBSM12022/2023', '2023-01-23', '2223100015', 'H'),
(1199, 2, 'XITBSM12022/2023', '2023-01-23', '2223100052', 'H'),
(1200, 2, 'XITBSM12022/2023', '2023-01-23', '2223100033', 'H'),
(1201, 2, 'XITBSM12022/2023', '2023-01-23', '2223100019', 'H'),
(1202, 2, 'XITBSM12022/2023', '2023-01-23', '2223100051', 'H'),
(1203, 2, 'XITBSM12022/2023', '2023-01-23', '2223100044', 'H'),
(1204, 2, 'XITBSM12022/2023', '2023-01-23', '2223100030', 'H'),
(1205, 2, 'XITBSM12022/2023', '2023-01-23', '2223100049', 'H'),
(1206, 2, 'XITBSM12022/2023', '2023-01-23', '2223100021', 'H'),
(1207, 2, 'XITBSM12022/2023', '2023-01-23', '2223100045', 'H'),
(1208, 2, 'XITBSM12022/2023', '2023-01-23', '2223100012', 'H'),
(1209, 2, 'XITBSM12022/2023', '2023-01-23', '2223100050', 'H'),
(1210, 2, 'XITBSM12022/2023', '2023-01-23', '2223100017', 'H'),
(1211, 2, 'XITBSM12022/2023', '2023-01-23', '2223100002', 'H'),
(1212, 2, 'XITBSM12022/2023', '2023-01-24', '2223100009', 'H'),
(1213, 2, 'XITBSM12022/2023', '2023-01-24', '2223100037', 'H'),
(1214, 2, 'XITBSM12022/2023', '2023-01-24', '2223100041', 'H'),
(1215, 2, 'XITBSM12022/2023', '2023-01-24', '2223100046', 'H'),
(1216, 2, 'XITBSM12022/2023', '2023-01-24', '2223100048', 'H'),
(1217, 2, 'XITBSM12022/2023', '2023-01-24', '2223100020', 'H'),
(1218, 2, 'XITBSM12022/2023', '2023-01-24', '2223100013', 'H'),
(1219, 2, 'XITBSM12022/2023', '2023-01-24', '2021100003', 'H'),
(1220, 2, 'XITBSM12022/2023', '2023-01-24', '2223100032', 'H'),
(1221, 2, 'XITBSM12022/2023', '2023-01-24', '2223100016', 'H'),
(1222, 2, 'XITBSM12022/2023', '2023-01-24', '2223100004', 'H'),
(1223, 2, 'XITBSM12022/2023', '2023-01-24', '2223100043', 'H'),
(1224, 2, 'XITBSM12022/2023', '2023-01-24', '2223100035', 'H'),
(1225, 2, 'XITBSM12022/2023', '2023-01-24', '2223100015', 'H'),
(1226, 2, 'XITBSM12022/2023', '2023-01-24', '2223100052', 'H'),
(1227, 2, 'XITBSM12022/2023', '2023-01-24', '2223100033', 'H'),
(1228, 2, 'XITBSM12022/2023', '2023-01-24', '2223100019', 'H'),
(1229, 2, 'XITBSM12022/2023', '2023-01-24', '2223100051', 'H'),
(1230, 2, 'XITBSM12022/2023', '2023-01-24', '2223100044', 'H'),
(1231, 2, 'XITBSM12022/2023', '2023-01-24', '2223100030', 'H'),
(1232, 2, 'XITBSM12022/2023', '2023-01-24', '2223100049', 'H'),
(1233, 2, 'XITBSM12022/2023', '2023-01-24', '2223100021', 'H'),
(1234, 2, 'XITBSM12022/2023', '2023-01-24', '2223100045', 'H'),
(1235, 2, 'XITBSM12022/2023', '2023-01-24', '2223100012', 'H'),
(1236, 2, 'XITBSM12022/2023', '2023-01-24', '2223100050', 'H'),
(1237, 2, 'XITBSM12022/2023', '2023-01-24', '2223100017', 'H'),
(1238, 2, 'XITBSM12022/2023', '2023-01-24', '2223100002', 'H'),
(1239, 2, 'XITBSM12022/2023', '2023-01-25', '2223100009', 'H'),
(1240, 2, 'XITBSM12022/2023', '2023-01-25', '2223100037', 'H'),
(1241, 2, 'XITBSM12022/2023', '2023-01-25', '2223100041', 'H'),
(1242, 2, 'XITBSM12022/2023', '2023-01-25', '2223100046', 'H'),
(1243, 2, 'XITBSM12022/2023', '2023-01-25', '2223100048', 'H'),
(1244, 2, 'XITBSM12022/2023', '2023-01-25', '2223100020', 'H'),
(1245, 2, 'XITBSM12022/2023', '2023-01-25', '2223100013', 'H'),
(1246, 2, 'XITBSM12022/2023', '2023-01-25', '2021100003', 'H'),
(1247, 2, 'XITBSM12022/2023', '2023-01-25', '2223100032', 'H'),
(1248, 2, 'XITBSM12022/2023', '2023-01-25', '2223100016', 'H'),
(1249, 2, 'XITBSM12022/2023', '2023-01-25', '2223100004', 'H'),
(1250, 2, 'XITBSM12022/2023', '2023-01-25', '2223100043', 'H'),
(1251, 2, 'XITBSM12022/2023', '2023-01-25', '2223100035', 'H'),
(1252, 2, 'XITBSM12022/2023', '2023-01-25', '2223100015', 'H'),
(1253, 2, 'XITBSM12022/2023', '2023-01-25', '2223100052', 'H'),
(1254, 2, 'XITBSM12022/2023', '2023-01-25', '2223100033', 'H'),
(1255, 2, 'XITBSM12022/2023', '2023-01-25', '2223100019', 'H'),
(1256, 2, 'XITBSM12022/2023', '2023-01-25', '2223100051', 'H'),
(1257, 2, 'XITBSM12022/2023', '2023-01-25', '2223100044', 'H'),
(1258, 2, 'XITBSM12022/2023', '2023-01-25', '2223100030', 'H'),
(1259, 2, 'XITBSM12022/2023', '2023-01-25', '2223100049', 'H'),
(1260, 2, 'XITBSM12022/2023', '2023-01-25', '2223100021', 'H'),
(1261, 2, 'XITBSM12022/2023', '2023-01-25', '2223100045', 'H'),
(1262, 2, 'XITBSM12022/2023', '2023-01-25', '2223100012', 'H'),
(1263, 2, 'XITBSM12022/2023', '2023-01-25', '2223100050', 'H'),
(1264, 2, 'XITBSM12022/2023', '2023-01-25', '2223100017', 'H'),
(1265, 2, 'XITBSM12022/2023', '2023-01-25', '2223100002', 'H'),
(1266, 2, 'XITBSM12022/2023', '2023-01-26', '2223100009', 'H'),
(1267, 2, 'XITBSM12022/2023', '2023-01-26', '2223100037', 'H'),
(1268, 2, 'XITBSM12022/2023', '2023-01-26', '2223100041', 'H'),
(1269, 2, 'XITBSM12022/2023', '2023-01-26', '2223100046', 'H'),
(1270, 2, 'XITBSM12022/2023', '2023-01-26', '2223100048', 'H'),
(1271, 2, 'XITBSM12022/2023', '2023-01-26', '2223100020', 'H'),
(1272, 2, 'XITBSM12022/2023', '2023-01-26', '2223100013', 'H'),
(1273, 2, 'XITBSM12022/2023', '2023-01-26', '2021100003', 'H'),
(1274, 2, 'XITBSM12022/2023', '2023-01-26', '2223100032', 'H'),
(1275, 2, 'XITBSM12022/2023', '2023-01-26', '2223100016', 'H'),
(1276, 2, 'XITBSM12022/2023', '2023-01-26', '2223100004', 'H'),
(1277, 2, 'XITBSM12022/2023', '2023-01-26', '2223100043', 'H'),
(1278, 2, 'XITBSM12022/2023', '2023-01-26', '2223100035', 'H'),
(1279, 2, 'XITBSM12022/2023', '2023-01-26', '2223100015', 'H'),
(1280, 2, 'XITBSM12022/2023', '2023-01-26', '2223100052', 'H'),
(1281, 2, 'XITBSM12022/2023', '2023-01-26', '2223100033', 'H'),
(1282, 2, 'XITBSM12022/2023', '2023-01-26', '2223100019', 'H'),
(1283, 2, 'XITBSM12022/2023', '2023-01-26', '2223100051', 'H'),
(1284, 2, 'XITBSM12022/2023', '2023-01-26', '2223100044', 'H'),
(1285, 2, 'XITBSM12022/2023', '2023-01-26', '2223100030', 'H'),
(1286, 2, 'XITBSM12022/2023', '2023-01-26', '2223100049', 'H'),
(1287, 2, 'XITBSM12022/2023', '2023-01-26', '2223100021', 'H'),
(1288, 2, 'XITBSM12022/2023', '2023-01-26', '2223100045', 'H'),
(1289, 2, 'XITBSM12022/2023', '2023-01-26', '2223100012', 'H'),
(1290, 2, 'XITBSM12022/2023', '2023-01-26', '2223100050', 'H'),
(1291, 2, 'XITBSM12022/2023', '2023-01-26', '2223100017', 'H'),
(1292, 2, 'XITBSM12022/2023', '2023-01-26', '2223100002', 'H');

-- --------------------------------------------------------

--
-- Table structure for table `kelas`
--

CREATE TABLE `kelas` (
  `kode_kelas` varchar(17) NOT NULL,
  `tingkat` varchar(3) NOT NULL,
  `jurusan` enum('TAV','TBSM','TKJ','OTKP') NOT NULL,
  `kelas` varchar(1) NOT NULL,
  `tahun_ajaran` varchar(10) NOT NULL
) ENGINE=InnoDB DEFAULT CHARSET=utf8mb4;

--
-- Dumping data for table `kelas`
--

INSERT INTO `kelas` (`kode_kelas`, `tingkat`, `jurusan`, `kelas`, `tahun_ajaran`) VALUES
('XITAV12023/2024', 'XI', 'TAV', '1', '2022/2023'),
('XITBSM12022/2023', 'XI', 'TBSM', '1', '2022/2023');

-- --------------------------------------------------------

--
-- Table structure for table `kelassiswa`
--

CREATE TABLE `kelassiswa` (
  `nis` varchar(12) NOT NULL,
  `kode_kelas` varchar(17) NOT NULL
) ENGINE=InnoDB DEFAULT CHARSET=utf8mb4;

--
-- Dumping data for table `kelassiswa`
--

INSERT INTO `kelassiswa` (`nis`, `kode_kelas`) VALUES
('2223100009', 'XITBSM12022/2023'),
('2223100037', 'XITBSM12022/2023'),
('2223100041', 'XITBSM12022/2023'),
('2223100046', 'XITBSM12022/2023'),
('2223100048', 'XITBSM12022/2023'),
('2223100020', 'XITBSM12022/2023'),
('2223100013', 'XITBSM12022/2023'),
('2021100003', 'XITBSM12022/2023'),
('2223100032', 'XITBSM12022/2023'),
('2223100016', 'XITBSM12022/2023'),
('2223100004', 'XITBSM12022/2023'),
('2324100001', 'XITAV12023/2024'),
('2223100038', 'XITAV12023/2024'),
('2223100025', 'XITAV12023/2024'),
('2223100047', 'XITAV12023/2024'),
('2223100031', 'XITAV12023/2024'),
('2223100006', 'XITAV12023/2024'),
('2223100024', 'XITAV12023/2024'),
('2223100007', 'XITAV12023/2024'),
('2223100022', 'XITAV12023/2024'),
('2324100003', 'XITAV12023/2024'),
('2223100040', 'XITAV12023/2024'),
('2223100042', 'XITAV12023/2024'),
('2223100026', 'XITAV12023/2024'),
('2223100036', 'XITAV12023/2024'),
('2223100057', 'XITAV12023/2024'),
('2223100029', 'XITAV12023/2024'),
('2223100043', 'XITBSM12022/2023'),
('2223100035', 'XITBSM12022/2023'),
('2223100015', 'XITBSM12022/2023'),
('2223100052', 'XITBSM12022/2023'),
('2223100033', 'XITBSM12022/2023'),
('2223100019', 'XITBSM12022/2023'),
('2223100051', 'XITBSM12022/2023'),
('2223100044', 'XITBSM12022/2023'),
('2223100030', 'XITBSM12022/2023'),
('2223100049', 'XITBSM12022/2023'),
('2223100021', 'XITBSM12022/2023'),
('2223100045', 'XITBSM12022/2023'),
('2223100012', 'XITBSM12022/2023'),
('2223100050', 'XITBSM12022/2023'),
('2223100017', 'XITBSM12022/2023'),
('2223100002', 'XITBSM12022/2023'),
('2223100005', 'XITAV12023/2024'),
('2223100056', 'XITAV12023/2024'),
('2223100008', 'XITAV12023/2024'),
('2223100059', 'XITAV12023/2024'),
('2223100060', 'XITAV12023/2024'),
('2223100001', 'XITAV12023/2024'),
('2223100010', 'XITAV12023/2024'),
('2223100018', 'XITAV12023/2024'),
('2223100039', 'XITAV12023/2024'),
('2223100058', 'XITAV12023/2024'),
('2223100055', 'XITAV12023/2024'),
('2223100028', 'XITAV12023/2024'),
('2223100023', 'XITAV12023/2024'),
('2223100027', 'XITAV12023/2024'),
('2223100034', 'XITAV12023/2024'),
('2223100014', 'XITAV12023/2024'),
('2223100003', 'XITAV12023/2024'),
('2223100054', 'XITAV12023/2024'),
('2223100053', 'XITAV12023/2024'),
('2223100011', 'XITAV12023/2024');

-- --------------------------------------------------------

--
-- Table structure for table `matapelajaran`
--

CREATE TABLE `matapelajaran` (
  `kode_matapelajaran` varchar(15) NOT NULL,
  `nama` varchar(60) DEFAULT NULL
) ENGINE=InnoDB DEFAULT CHARSET=utf8mb4;

--
-- Dumping data for table `matapelajaran`
--

INSERT INTO `matapelajaran` (`kode_matapelajaran`, `nama`) VALUES
('BI', 'Bahasa Inggris'),
('BI-2', 'Bahasa Indonesia'),
('BS', 'Bahasa Sunda'),
('PAI', 'Pendidikan Agama Islam'),
('PKdKT', 'Produk Kreatif dan Kewirausahaan TAV'),
('PKK', 'Produk Kreatif Kewirausahan'),
('SAJ', 'Sistem Administrasi Jaringan'),
('SB', 'Seni Budaya'),
('SI', 'Sejarah Indonesia');

-- --------------------------------------------------------

--
-- Table structure for table `mengajar`
--

CREATE TABLE `mengajar` (
  `kode_mengajar` varchar(3) NOT NULL,
  `id_guru` int(3) DEFAULT NULL,
  `kode_matapelajaran` varchar(15) DEFAULT NULL
) ENGINE=InnoDB DEFAULT CHARSET=utf8mb4;

--
-- Dumping data for table `mengajar`
--

INSERT INTO `mengajar` (`kode_mengajar`, `id_guru`, `kode_matapelajaran`) VALUES
('24A', 24, 'BI'),
('24B', 24, 'BI-2'),
('24C', 24, 'BS'),
('24D', 24, 'SAJ'),
('28A', 28, 'BI'),
('28B', 28, 'SAJ'),
('28C', 28, 'BI-2'),
('29A', 29, 'SAJ'),
('30A', 30, 'SAJ'),
('30B', 30, 'BI-2'),
('32A', 32, 'BI'),
('33A', 33, 'BI-2'),
('33C', 33, 'BI'),
('36A', 36, 'PAI'),
('36B', 36, 'PKdKT');

-- --------------------------------------------------------

--
-- Table structure for table `siswa`
--

CREATE TABLE `siswa` (
  `nis` varchar(12) NOT NULL,
  `nama` varchar(60) NOT NULL,
  `jenis_kelamin` enum('P','L') NOT NULL
) ENGINE=InnoDB DEFAULT CHARSET=utf8mb4;

--
-- Dumping data for table `siswa`
--

INSERT INTO `siswa` (`nis`, `nama`, `jenis_kelamin`) VALUES
('2021100003', 'Defo', 'L'),
('2223100001', 'Manah Halim', 'L'),
('2223100002', 'Vanya Zalindra Suryatmi', 'L'),
('2223100003', 'Restu Wahyuni', 'L'),
('2223100004', 'Gina Sudiati', 'L'),
('2223100005', 'Jarwi Wahyudin', 'L'),
('2223100006', 'Labuh Saragih', 'L'),
('2223100007', 'Lurhur Marpaung', 'L'),
('2223100008', 'Jessica Kamaria Maryati', 'L'),
('2223100009', 'Anastasia Uyainah', 'L'),
('2223100010', 'Nasab Firgantoro', 'L'),
('2223100011', 'Yunita Natalia Puspita', 'P'),
('2223100012', 'Shakila Laksmiwati', 'P'),
('2223100013', 'Citra Hartati', 'P'),
('2223100014', 'Restu Puput Permata', 'P'),
('2223100015', 'Gaduh Maulana', 'L'),
('2223100016', 'Nova Anggraini', 'P'),
('2223100017', 'Timbul Budiyanto', 'L'),
('2223100018', 'Olivia Sakura Prastuti', 'L'),
('2223100019', 'Indah Kani Astuti', 'L'),
('2223100020', 'Cinthia Uyainah', 'P'),
('2223100021', 'Putri Usada', 'L'),
('2223100022', 'Mulyanto Adinata Simanjuntak', 'L'),
('2223100023', 'Putri Dewi Usada', 'P'),
('2223100024', 'Legawa Lasmanto Sinaga', 'P'),
('2223100025', 'Icha Jamalia Andriani', 'L'),
('2223100026', 'Maras Ramadan', 'L'),
('2223100027', 'Qori Novitasari', 'P'),
('2223100028', 'Purwa Daliman Firmansyah', 'L'),
('2223100029', 'Nurul Winarsih', 'P'),
('2223100030', 'Nyoman Ibrahim Wasita', 'P'),
('2223100031', 'Kayla Tami Oktaviani', 'P'),
('2223100032', 'Nasrullah Rusman Napitupulu', 'P'),
('2223100033', 'Ganjaran Ajimat Suryono', 'L'),
('2223100034', 'Raisa Vera Rahimah', 'L'),
('2223100035', 'Bala Asmadi Maulana', 'P'),
('2223100036', 'Marwata Iswahyudi', 'P'),
('2223100037', 'Baktianto Hakim', 'L'),
('2223100038', 'Hendri Gading Adriansyah', 'P'),
('2223100039', 'Panca Saptono', 'P'),
('2223100040', 'Kenzie Nashiruddin', 'L'),
('2223100041', 'Cahyo Situmorang', 'L'),
('2223100042', 'Maimunah Laksita', 'L'),
('2223100043', 'Asmianto Marpaung', 'P'),
('2223100044', 'Nardi Galih Sinaga', 'P'),
('2223100045', 'Putu Wacana', 'L'),
('2223100046', 'Cayadi Oskar Wasita', 'P'),
('2223100047', 'Icha Rahmawati', 'P'),
('2223100048', 'Cemeti Wibowo', 'L'),
('2223100049', 'Prima Laksana Sihombing', 'P'),
('2223100050', 'Taswir Mahendra', 'P'),
('2223100051', 'Janet Oktaviani', 'P'),
('2223100052', 'Galur Dariati Megantara', 'P'),
('2223100053', 'Yoga Ajimat Salahudin', 'L'),
('2223100054', 'Titin Yuliarti', 'L'),
('2223100055', 'Pranawa Ivan Firmansyah', 'L'),
('2223100056', 'Jelita Siti Kusmawati', 'L'),
('2223100057', 'Najib Cawisono Maulana', 'L'),
('2223100058', 'Panji Putra', 'P'),
('2223100059', 'Kala Wadi Nababan', 'P'),
('2223100060', 'Kawaca Firgantoro', 'P'),
('2324100001', 'Fedo', 'L'),
('2324100002', 'Dimas Azka', 'L'),
('2324100003', 'fahrizal', 'L');

--
-- Indexes for dumped tables
--

--
-- Indexes for table `admin`
--
ALTER TABLE `admin`
  ADD PRIMARY KEY (`id_admin`);

--
-- Indexes for table `guru`
--
ALTER TABLE `guru`
  ADD PRIMARY KEY (`id_guru`);

--
-- Indexes for table `jadwal`
--
ALTER TABLE `jadwal`
  ADD PRIMARY KEY (`id_jadwal`),
  ADD KEY `kode_kelas` (`kode_kelas`),
  ADD KEY `kode_mengajar` (`kode_mengajar`);

--
-- Indexes for table `kehadiransiswamapel`
--
ALTER TABLE `kehadiransiswamapel`
  ADD PRIMARY KEY (`id_kehadiran`),
  ADD KEY `id_jadwal` (`id_jadwal`),
  ADD KEY `nis` (`nis`);

--
-- Indexes for table `kehadiransiswasekolah`
--
ALTER TABLE `kehadiransiswasekolah`
  ADD PRIMARY KEY (`id_kehadiran`),
  ADD KEY `id_admin` (`id_admin`),
  ADD KEY `kode_kelas` (`kode_kelas`),
  ADD KEY `nis` (`nis`);

--
-- Indexes for table `kelas`
--
ALTER TABLE `kelas`
  ADD PRIMARY KEY (`kode_kelas`);

--
-- Indexes for table `kelassiswa`
--
ALTER TABLE `kelassiswa`
  ADD KEY `nis` (`nis`),
  ADD KEY `kode_kelas` (`kode_kelas`);

--
-- Indexes for table `matapelajaran`
--
ALTER TABLE `matapelajaran`
  ADD PRIMARY KEY (`kode_matapelajaran`);

--
-- Indexes for table `mengajar`
--
ALTER TABLE `mengajar`
  ADD PRIMARY KEY (`kode_mengajar`),
  ADD KEY `id_guru` (`id_guru`),
  ADD KEY `kode_matapelajaran` (`kode_matapelajaran`);

--
-- Indexes for table `siswa`
--
ALTER TABLE `siswa`
  ADD PRIMARY KEY (`nis`);

--
-- AUTO_INCREMENT for dumped tables
--

--
-- AUTO_INCREMENT for table `admin`
--
ALTER TABLE `admin`
  MODIFY `id_admin` int(1) NOT NULL AUTO_INCREMENT, AUTO_INCREMENT=3;

--
-- AUTO_INCREMENT for table `guru`
--
ALTER TABLE `guru`
  MODIFY `id_guru` int(3) NOT NULL AUTO_INCREMENT, AUTO_INCREMENT=40;

--
-- AUTO_INCREMENT for table `jadwal`
--
ALTER TABLE `jadwal`
  MODIFY `id_jadwal` int(3) NOT NULL AUTO_INCREMENT, AUTO_INCREMENT=39;

--
-- AUTO_INCREMENT for table `kehadiransiswamapel`
--
ALTER TABLE `kehadiransiswamapel`
  MODIFY `id_kehadiran` int(7) NOT NULL AUTO_INCREMENT, AUTO_INCREMENT=639;

--
-- AUTO_INCREMENT for table `kehadiransiswasekolah`
--
ALTER TABLE `kehadiransiswasekolah`
  MODIFY `id_kehadiran` int(5) NOT NULL AUTO_INCREMENT, AUTO_INCREMENT=1293;

--
-- Constraints for dumped tables
--

--
-- Constraints for table `jadwal`
--
ALTER TABLE `jadwal`
  ADD CONSTRAINT `jadwal_ibfk_3` FOREIGN KEY (`kode_kelas`) REFERENCES `kelas` (`kode_kelas`) ON DELETE CASCADE ON UPDATE CASCADE,
  ADD CONSTRAINT `jadwal_ibfk_5` FOREIGN KEY (`kode_mengajar`) REFERENCES `mengajar` (`kode_mengajar`) ON DELETE CASCADE ON UPDATE CASCADE;

--
-- Constraints for table `kehadiransiswamapel`
--
ALTER TABLE `kehadiransiswamapel`
  ADD CONSTRAINT `kehadiransiswamapel_ibfk_1` FOREIGN KEY (`id_jadwal`) REFERENCES `jadwal` (`id_jadwal`) ON DELETE CASCADE ON UPDATE CASCADE,
  ADD CONSTRAINT `kehadiransiswamapel_ibfk_2` FOREIGN KEY (`nis`) REFERENCES `siswa` (`nis`) ON DELETE CASCADE ON UPDATE CASCADE;

--
-- Constraints for table `kehadiransiswasekolah`
--
ALTER TABLE `kehadiransiswasekolah`
  ADD CONSTRAINT `kehadiransiswasekolah_ibfk_1` FOREIGN KEY (`id_admin`) REFERENCES `admin` (`id_admin`) ON DELETE CASCADE ON UPDATE CASCADE,
  ADD CONSTRAINT `kehadiransiswasekolah_ibfk_2` FOREIGN KEY (`kode_kelas`) REFERENCES `kelas` (`kode_kelas`) ON DELETE CASCADE ON UPDATE CASCADE,
  ADD CONSTRAINT `kehadiransiswasekolah_ibfk_3` FOREIGN KEY (`nis`) REFERENCES `siswa` (`nis`) ON DELETE CASCADE ON UPDATE CASCADE;

--
-- Constraints for table `kelassiswa`
--
ALTER TABLE `kelassiswa`
  ADD CONSTRAINT `kelassiswa_ibfk_1` FOREIGN KEY (`nis`) REFERENCES `siswa` (`nis`) ON DELETE CASCADE ON UPDATE CASCADE,
  ADD CONSTRAINT `kelassiswa_ibfk_2` FOREIGN KEY (`kode_kelas`) REFERENCES `kelas` (`kode_kelas`) ON DELETE CASCADE ON UPDATE CASCADE;

--
-- Constraints for table `mengajar`
--
ALTER TABLE `mengajar`
  ADD CONSTRAINT `mengajar_ibfk_1` FOREIGN KEY (`id_guru`) REFERENCES `guru` (`id_guru`) ON DELETE CASCADE ON UPDATE CASCADE,
  ADD CONSTRAINT `mengajar_ibfk_2` FOREIGN KEY (`kode_matapelajaran`) REFERENCES `matapelajaran` (`kode_matapelajaran`) ON DELETE CASCADE ON UPDATE CASCADE;
COMMIT;

/*!40101 SET CHARACTER_SET_CLIENT=@OLD_CHARACTER_SET_CLIENT */;
/*!40101 SET CHARACTER_SET_RESULTS=@OLD_CHARACTER_SET_RESULTS */;
/*!40101 SET COLLATION_CONNECTION=@OLD_COLLATION_CONNECTION */;
